{
  "version": 2,
  "language": "fa",
  "modules": [
    {
      "id": "m01",
      "title": "مبانی پرامپت‌نویسی و ذهنیت مهندس",
      "summary": "پایه‌های ذهنیت، ساختار و روش حرفه‌ای برای نوشتن پرامپت‌های قابل ارزیابی و مسابقه‌ای.",
      "lessons": [
        {
          "id": "m01_l01",
          "title": "پرامپت‌نویسی یعنی «طراحی مشخصات» نه «حرف زدن با مدل»",
          "level": "beginner",
          "minutes": 18,
          "tags": [
            "مبانی",
            "ذهنیت",
            "مشخصات"
          ],
          "prereq": []
        },
        {
          "id": "m01_l02",
          "title": "قالب طلایی R-G-C-I-C: نقش، هدف، زمینه، ورودی‌ها، قیود + فرمت خروجی",
          "level": "beginner",
          "minutes": 20,
          "tags": [
            "الگو",
            "ساختار",
            "کیفیت"
          ],
          "prereq": []
        },
        {
          "id": "m01_l03",
          "title": "فرمت خروجی: جدول، JSON، چک‌لیست — کلید خروجی پایدار",
          "level": "beginner",
          "minutes": 22,
          "tags": [
            "خروجی",
            "JSON",
            "جدول"
          ],
          "prereq": []
        },
        {
          "id": "m01_l04",
          "title": "معیار پذیرش و روبریک: چطور کیفیت را «قابل سنجش» کنیم؟",
          "level": "beginner",
          "minutes": 24,
          "tags": [
            "Rubric",
            "کنترل کیفیت",
            "ارزیابی"
          ],
          "prereq": []
        },
        {
          "id": "m01_l05",
          "title": "چرخه‌ی دیباگ: از پاسخ بد تا نسخه‌ی خوب (Iterate like an Engineer)",
          "level": "beginner",
          "minutes": 26,
          "tags": [
            "دیباگ",
            "تکرار",
            "سیستماتیک"
          ],
          "prereq": []
        },
        {
          "id": "m01_l06",
          "title": "خطاهای شناختی رایج در پرامپت‌نویسی: چرا خودمان خرابش می‌کنیم؟",
          "level": "beginner",
          "minutes": 20,
          "tags": [
            "خطای شناختی",
            "خطا",
            "مهارت"
          ],
          "prereq": []
        },
        {
          "id": "m01_l07",
          "title": "پرامپت چندمرحله‌ای: وقتی یک سوال کافی نیست",
          "level": "beginner",
          "minutes": 25,
          "tags": [
            "چندمرحله‌ای",
            "فرایند",
            "زنجیره‌ای"
          ],
          "prereq": []
        },
        {
          "id": "m01_l08",
          "title": "پروژه‌ی کوچک: ساخت «سوپرپرامپت» مسابقه‌ای برای یک کاربرد واقعی",
          "level": "beginner",
          "minutes": 30,
          "tags": [
            "پروژه",
            "نهایی",
            "سوپرپرامپت"
          ],
          "prereq": []
        }
      ]
    },
    {
      "id": "m02",
      "title": "مدل‌های زبانی چگونه کار می‌کنند؟ از توکن تا پاسخ",
      "summary": "درک عملی از توکن، کانتکست، آموزش مدل و محدودیت‌ها تا پرامپت‌های دقیق‌تر بسازی.",
      "lessons": [
        {
          "id": "m02_l01",
          "title": "توکن چیست و چرا «پنجرهٔ کانتکست» مهم‌ترین محدودیت توست",
          "level": "beginner",
          "minutes": 22,
          "tags": [
            "توکن",
            "پنجره کانتکست",
            "محدودیت"
          ],
          "prereq": []
        },
        {
          "id": "m02_l02",
          "title": "ترنسفورمر و «توجه» (Attention) با یک مثال قابل لمس",
          "level": "beginner",
          "minutes": 26,
          "tags": [
            "ترنسفورمر",
            "توجه",
            "ذهنی"
          ],
          "prereq": []
        },
        {
          "id": "m02_l03",
          "title": "پیش‌آموزش، تنظیم‌دستورپذیری، RLHF: چرا مدل‌های جدید بهتر «دستور» می‌گیرند؟",
          "level": "beginner",
          "minutes": 28,
          "tags": [
            "پیش‌آموزش",
            "دستورپذیری",
            "RLHF"
          ],
          "prereq": []
        },
        {
          "id": "m02_l04",
          "title": "Temperature و Top‑p: چرا بعضی پاسخ‌ها خلاق‌تر یا دقیق‌تر می‌شوند؟",
          "level": "beginner",
          "minutes": 18,
          "tags": [
            "نمونه‌برداری",
            "دما",
            "Top‑p"
          ],
          "prereq": []
        },
        {
          "id": "m02_l05",
          "title": "چرا مدل «توهم» می‌زند؟ 6 علت رایج + راهکارهای عملی",
          "level": "beginner",
          "minutes": 26,
          "tags": [
            "توهم",
            "اعتمادپذیری",
            "ایمنی"
          ],
          "prereq": []
        },
        {
          "id": "m02_l06",
          "title": "پنجره کانتکست vs حافظه: چطور اطلاعات را پایدار نگه داریم؟",
          "level": "beginner",
          "minutes": 22,
          "tags": [
            "حافظه",
            "خلاصه‌سازی",
            "Context"
          ],
          "prereq": []
        },
        {
          "id": "m02_l07",
          "title": "چطور برای مدل‌های قدیمی vs جدید پرامپت بدهیم؟ تفاوت‌های عملی",
          "level": "beginner",
          "minutes": 24,
          "tags": [
            "قدیمی/جدید",
            "پرامپتینگ",
            "چت"
          ],
          "prereq": []
        },
        {
          "id": "m02_l08",
          "title": "پروژه‌ی کوچک: طراحی یک «درس‌ساز خودکار» با درک محدودیت‌های مدل",
          "level": "beginner",
          "minutes": 30,
          "tags": [
            "پروژه",
            "Lesson generator",
            "Model limits"
          ],
          "prereq": []
        }
      ]
    },
    {
      "id": "m03",
      "title": "طراحی پرامپت ساختاریافته",
      "summary": "چطور خروجی را با ساختار، مثال و constraints کنترل کنیم تا قابل‌استفاده و پایدار شود.",
      "lessons": [
        {
          "id": "m03_l01",
          "title": "پرامپت‌های چندبخشی: بلوک‌بندی حرفه‌ای",
          "level": "beginner",
          "minutes": 17,
          "tags": [
            "ساختار",
            "بلوک"
          ],
          "prereq": []
        },
        {
          "id": "m03_l02",
          "title": "Few‑shot و مثال‌دادن اصولی",
          "level": "beginner",
          "minutes": 18,
          "tags": [
            "few-shot",
            "مثال"
          ],
          "prereq": []
        },
        {
          "id": "m03_l03",
          "title": "تعریف لحن و سبک: راهنمای نویسندگی",
          "level": "beginner",
          "minutes": 19,
          "tags": [
            "لحن",
            "سبک"
          ],
          "prereq": []
        },
        {
          "id": "m03_l04",
          "title": "کنترل طول و سطح جزئیات",
          "level": "beginner",
          "minutes": 20,
          "tags": [
            "طول",
            "جزئیات"
          ],
          "prereq": []
        },
        {
          "id": "m03_l05",
          "title": "ساختاردهی خروجی با تیترهای ثابت",
          "level": "beginner",
          "minutes": 21,
          "tags": [
            "خروجی",
            "ساختار"
          ],
          "prereq": []
        },
        {
          "id": "m03_l06",
          "title": "قفل کردن خروجی با JSON schema ساده",
          "level": "beginner",
          "minutes": 22,
          "tags": [
            "JSON",
            "schema"
          ],
          "prereq": []
        },
        {
          "id": "m03_l07",
          "title": "پرامپت برای ترجمه و بومی‌سازی حرفه‌ای",
          "level": "beginner",
          "minutes": 16,
          "tags": [
            "ترجمه",
            "بومی‌سازی"
          ],
          "prereq": []
        },
        {
          "id": "m03_l08",
          "title": "پروژه: ساخت یک پرامپت چندزبانه",
          "level": "beginner",
          "minutes": 17,
          "tags": [
            "پروژه",
            "چندزبانه"
          ],
          "prereq": []
        }
      ]
    },
    {
      "id": "m04",
      "title": "ارزیابی و دیباگ حرفه‌ای",
      "summary": "چطور مثل تیم‌های حرفه‌ای کیفیت را اندازه‌گیری، مقایسه و بهینه کنیم.",
      "lessons": [
        {
          "id": "m04_l01",
          "title": "ساخت دیتاست تست: 20 تست کیس طلایی",
          "level": "beginner",
          "minutes": 17,
          "tags": [
            "کنترل کیفیت",
            "تست"
          ],
          "prereq": []
        },
        {
          "id": "m04_l02",
          "title": "مقایسه نسخه‌ها: A/B برای پرامپت",
          "level": "beginner",
          "minutes": 18,
          "tags": [
            "A/B",
            "نسخه‌بندی"
          ],
          "prereq": []
        },
        {
          "id": "m04_l03",
          "title": "روبریک پیشرفته: وزن‌دهی و نمره‌دهی",
          "level": "beginner",
          "minutes": 19,
          "tags": [
            "روبریک",
            "امتیاز"
          ],
          "prereq": []
        },
        {
          "id": "m04_l04",
          "title": "تکنیک‌های خود‑ارزیابی (self‑critique)",
          "level": "beginner",
          "minutes": 20,
          "tags": [
            "خودارزیابی",
            "کیفیت"
          ],
          "prereq": []
        },
        {
          "id": "m04_l05",
          "title": "کاهش توهم: منبع‌خواهی و محدودیت دامنه",
          "level": "beginner",
          "minutes": 21,
          "tags": [
            "توهم",
            "منبع"
          ],
          "prereq": []
        },
        {
          "id": "m04_l06",
          "title": "تشخیص تناقض و سازگاری چندمرحله‌ای",
          "level": "beginner",
          "minutes": 22,
          "tags": [
            "سازگاری",
            "تناقض"
          ],
          "prereq": []
        },
        {
          "id": "m04_l07",
          "title": "گزارش خطای استاندارد برای پرامپت",
          "level": "beginner",
          "minutes": 16,
          "tags": [
            "دیباگ",
            "گزارش"
          ],
          "prereq": []
        },
        {
          "id": "m04_l08",
          "title": "پروژه: تبدیل یک پرامپت ضعیف به عالی",
          "level": "beginner",
          "minutes": 17,
          "tags": [
            "پروژه",
            "بهینه‌سازی"
          ],
          "prereq": []
        }
      ]
    },
    {
      "id": "m05",
      "title": "الگوهای پیشرفته پرامپت",
      "summary": "الگوهایی که خروجی را از «خوب» به «حرفه‌ای» می‌برند.",
      "lessons": [
        {
          "id": "m05_l01",
          "title": "الگوی برنامه‌ریزی → اجرا → بررسی",
          "level": "intermediate",
          "minutes": 17,
          "tags": [
            "فرایند",
            "کیفیت"
          ],
          "prereq": []
        },
        {
          "id": "m05_l02",
          "title": "الگوی نقش‌های چندگانه (Multi‑role)",
          "level": "intermediate",
          "minutes": 18,
          "tags": [
            "نقش",
            "چندگانه"
          ],
          "prereq": []
        },
        {
          "id": "m05_l03",
          "title": "الگوی پرسش روشن‌کننده",
          "level": "intermediate",
          "minutes": 19,
          "tags": [
            "سوال",
            "شفاف‌سازی"
          ],
          "prereq": []
        },
        {
          "id": "m05_l04",
          "title": "الگوی تولید گزینه‌ها و انتخاب",
          "level": "intermediate",
          "minutes": 20,
          "tags": [
            "گزینه",
            "انتخاب"
          ],
          "prereq": []
        },
        {
          "id": "m05_l05",
          "title": "الگوی خلاصه‌سازی لایه‌ای",
          "level": "intermediate",
          "minutes": 21,
          "tags": [
            "خلاصه",
            "لایه‌ای"
          ],
          "prereq": []
        },
        {
          "id": "m05_l06",
          "title": "الگوی ReAct برای کار با ابزارها (مفهومی)",
          "level": "intermediate",
          "minutes": 22,
          "tags": [
            "ابزار",
            "عامل"
          ],
          "prereq": []
        },
        {
          "id": "m05_l07",
          "title": "الگوی محدودسازی ریسک",
          "level": "intermediate",
          "minutes": 16,
          "tags": [
            "ریسک",
            "امنیت"
          ],
          "prereq": []
        },
        {
          "id": "m05_l08",
          "title": "پروژه: ساخت پرامپت قابل تکرار برای تیم",
          "level": "intermediate",
          "minutes": 17,
          "tags": [
            "پروژه",
            "تیم"
          ],
          "prereq": []
        }
      ]
    },
    {
      "id": "m06",
      "title": "RAG، ابزارها و Agentها",
      "summary": "چطور مدل را به داده و ابزار وصل کنیم و خروجی قابل اعتماد بسازیم.",
      "lessons": [
        {
          "id": "m06_l01",
          "title": "RAG چیست و چه زمانی لازم است؟",
          "level": "intermediate",
          "minutes": 17,
          "tags": [
            "RAG",
            "داده"
          ],
          "prereq": []
        },
        {
          "id": "m06_l02",
          "title": "طراحی پرس‌وجو (Query) برای بازیابی بهتر",
          "level": "intermediate",
          "minutes": 18,
          "tags": [
            "بازیابی",
            "پرس‌وجو"
          ],
          "prereq": []
        },
        {
          "id": "m06_l03",
          "title": "Chunking و رتبه‌بندی نتایج (مفهومی)",
          "level": "intermediate",
          "minutes": 19,
          "tags": [
            "chunk",
            "رتبه"
          ],
          "prereq": []
        },
        {
          "id": "m06_l04",
          "title": "الگوی پاسخ با استناد (citation)",
          "level": "intermediate",
          "minutes": 20,
          "tags": [
            "استناد",
            "منبع"
          ],
          "prereq": []
        },
        {
          "id": "m06_l05",
          "title": "طراحی ابزار (Tool) و دستورالعمل استفاده",
          "level": "intermediate",
          "minutes": 21,
          "tags": [
            "ابزار",
            "API"
          ],
          "prereq": []
        },
        {
          "id": "m06_l06",
          "title": "Agentها: حلقه هدف/اقدام/بازخورد",
          "level": "intermediate",
          "minutes": 22,
          "tags": [
            "عامل",
            "حلقه"
          ],
          "prereq": []
        },
        {
          "id": "m06_l07",
          "title": "امنیت در RAG و ابزارها",
          "level": "intermediate",
          "minutes": 16,
          "tags": [
            "امنیت",
            "RAG"
          ],
          "prereq": []
        },
        {
          "id": "m06_l08",
          "title": "پروژه: ساخت دستیار تحقیق با RAG (مفهومی)",
          "level": "intermediate",
          "minutes": 17,
          "tags": [
            "پروژه",
            "تحقیق"
          ],
          "prereq": []
        }
      ]
    },
    {
      "id": "m07",
      "title": "پرامپت برای کدنویسی و توسعه نرم‌افزار",
      "summary": "چطور از مدل برای تحلیل کد، تولید کد و دیباگ استفاده کنیم بدون اینکه خروجی غلط وارد پروژه شود.",
      "lessons": [
        {
          "id": "m07_l01",
          "title": "درخواست کد قابل اجرا: ورودی/خروجی/تست",
          "level": "intermediate",
          "minutes": 17,
          "tags": [
            "کدنویسی",
            "تست"
          ],
          "prereq": []
        },
        {
          "id": "m07_l02",
          "title": "دیباگ: گزارش خطا و حداقل بازتولید",
          "level": "intermediate",
          "minutes": 18,
          "tags": [
            "دیباگ",
            "کد"
          ],
          "prereq": []
        },
        {
          "id": "m07_l03",
          "title": "کد تمیز: معیارها و style",
          "level": "intermediate",
          "minutes": 19,
          "tags": [
            "استایل",
            "خوانایی"
          ],
          "prereq": []
        },
        {
          "id": "m07_l04",
          "title": "ریویو کد: چک‌لیست امنیت و کیفیت",
          "level": "intermediate",
          "minutes": 20,
          "tags": [
            "ریویو",
            "امنیت"
          ],
          "prereq": []
        },
        {
          "id": "m07_l05",
          "title": "نوشتن تست: unit/integration (مفهومی)",
          "level": "intermediate",
          "minutes": 21,
          "tags": [
            "تست",
            "کنترل کیفیت"
          ],
          "prereq": []
        },
        {
          "id": "m07_l06",
          "title": "رفکتور با محدودیت",
          "level": "intermediate",
          "minutes": 22,
          "tags": [
            "رفکتور",
            "قیود"
          ],
          "prereq": []
        },
        {
          "id": "m07_l07",
          "title": "مستندسازی: README و ADR",
          "level": "intermediate",
          "minutes": 16,
          "tags": [
            "مستندات",
            "README"
          ],
          "prereq": []
        },
        {
          "id": "m07_l08",
          "title": "پروژه: ساخت prompt برای PR description",
          "level": "intermediate",
          "minutes": 17,
          "tags": [
            "پروژه",
            "GitHub"
          ],
          "prereq": []
        }
      ]
    },
    {
      "id": "m08",
      "title": "پرامپت برای تولید محتوا و خلاقیت",
      "summary": "چطور خلاقیت را کنترل کنیم تا خروجی هم جذاب باشد هم درست و قابل استفاده.",
      "lessons": [
        {
          "id": "m08_l01",
          "title": "ایده‌پردازی کنترل‌شده",
          "level": "intermediate",
          "minutes": 17,
          "tags": [
            "ایده",
            "خلاقیت"
          ],
          "prereq": []
        },
        {
          "id": "m08_l02",
          "title": "بازنویسی و بهبود متن",
          "level": "intermediate",
          "minutes": 18,
          "tags": [
            "بازنویسی",
            "ویرایش"
          ],
          "prereq": []
        },
        {
          "id": "m08_l03",
          "title": "طراحی لحن برند",
          "level": "intermediate",
          "minutes": 19,
          "tags": [
            "برند",
            "لحن"
          ],
          "prereq": []
        },
        {
          "id": "m08_l04",
          "title": "اسکریپت ویدئو و استوری‌بورد",
          "level": "intermediate",
          "minutes": 20,
          "tags": [
            "ویدئو",
            "اسکریپت"
          ],
          "prereq": []
        },
        {
          "id": "m08_l05",
          "title": "SEO و ساختار مقاله",
          "level": "intermediate",
          "minutes": 21,
          "tags": [
            "SEO",
            "مقاله"
          ],
          "prereq": []
        },
        {
          "id": "m08_l06",
          "title": "کپی‌رایتینگ با روبریک",
          "level": "intermediate",
          "minutes": 22,
          "tags": [
            "تبلیغ",
            "رو بریک"
          ],
          "prereq": []
        },
        {
          "id": "m08_l07",
          "title": "ترکیب خلاقیت و واقعیت: منبع‌خواهی",
          "level": "intermediate",
          "minutes": 16,
          "tags": [
            "منبع",
            "واقعیت"
          ],
          "prereq": []
        },
        {
          "id": "m08_l08",
          "title": "پروژه: کمپین 7 روزه محتوا",
          "level": "intermediate",
          "minutes": 17,
          "tags": [
            "پروژه",
            "کمپین"
          ],
          "prereq": []
        }
      ]
    },
    {
      "id": "m09",
      "title": "پرامپت برای تحلیل داده و تصمیم‌گیری",
      "summary": "چطور تحلیل را دقیق، قابل پیگیری و قابل دفاع کنیم.",
      "lessons": [
        {
          "id": "m09_l01",
          "title": "پرسیدن سوال درست (Problem framing)",
          "level": "intermediate",
          "minutes": 17,
          "tags": [
            "مسئله",
            "تحلیل"
          ],
          "prereq": []
        },
        {
          "id": "m09_l02",
          "title": "ساخت جدول تصمیم (Decision matrix)",
          "level": "intermediate",
          "minutes": 18,
          "tags": [
            "تصمیم",
            "جدول"
          ],
          "prereq": []
        },
        {
          "id": "m09_l03",
          "title": "تحلیل سناریو و حساسیت",
          "level": "intermediate",
          "minutes": 19,
          "tags": [
            "سناریو",
            "حساسیت"
          ],
          "prereq": []
        },
        {
          "id": "m09_l04",
          "title": "استدلال با فرض‌ها و ریسک‌ها",
          "level": "intermediate",
          "minutes": 20,
          "tags": [
            "فرض",
            "ریسک"
          ],
          "prereq": []
        },
        {
          "id": "m09_l05",
          "title": "خلاصه مدیریتی (Executive summary)",
          "level": "intermediate",
          "minutes": 21,
          "tags": [
            "مدیریتی",
            "خلاصه"
          ],
          "prereq": []
        },
        {
          "id": "m09_l06",
          "title": "توصیه‌های عملیاتی (Actionable)",
          "level": "intermediate",
          "minutes": 22,
          "tags": [
            "اقدام",
            "عملی"
          ],
          "prereq": []
        },
        {
          "id": "m09_l07",
          "title": "پرهیز از سوگیری در تحلیل",
          "level": "intermediate",
          "minutes": 16,
          "tags": [
            "سوگیری",
            "تحلیل"
          ],
          "prereq": []
        },
        {
          "id": "m09_l08",
          "title": "پروژه: تحلیل یک تصمیم واقعی",
          "level": "intermediate",
          "minutes": 17,
          "tags": [
            "پروژه",
            "کیس"
          ],
          "prereq": []
        }
      ]
    },
    {
      "id": "m10",
      "title": "امنیت، حریم خصوصی و Prompt Injection",
      "summary": "چطور پرامپت و اپ را در برابر سوءاستفاده مقاوم کنیم.",
      "lessons": [
        {
          "id": "m10_l01",
          "title": "Prompt Injection چیست؟",
          "level": "intermediate",
          "minutes": 17,
          "tags": [
            "امنیت",
            "injection"
          ],
          "prereq": []
        },
        {
          "id": "m10_l02",
          "title": "طراحی قوانین ثابت (Policy) در سیستم پرامپت",
          "level": "intermediate",
          "minutes": 18,
          "tags": [
            "policy",
            "قانون"
          ],
          "prereq": []
        },
        {
          "id": "m10_l03",
          "title": "فیلتر داده حساس و PII",
          "level": "intermediate",
          "minutes": 19,
          "tags": [
            "حریم خصوصی",
            "PII"
          ],
          "prereq": []
        },
        {
          "id": "m10_l04",
          "title": "کاهش ریسک دستورهای خطرناک",
          "level": "intermediate",
          "minutes": 20,
          "tags": [
            "ایمنی",
            "ریسک"
          ],
          "prereq": []
        },
        {
          "id": "m10_l05",
          "title": "جداسازی داده و دستور",
          "level": "intermediate",
          "minutes": 21,
          "tags": [
            "داده",
            "دستور"
          ],
          "prereq": []
        },
        {
          "id": "m10_l06",
          "title": "اعتبارسنجی خروجی قبل از اجرا",
          "level": "intermediate",
          "minutes": 22,
          "tags": [
            "اعتبارسنجی",
            "خروجی"
          ],
          "prereq": []
        },
        {
          "id": "m10_l07",
          "title": "ثبت لاگ و مانیتورینگ خطا",
          "level": "intermediate",
          "minutes": 16,
          "tags": [
            "لاگ",
            "مانیتور"
          ],
          "prereq": []
        },
        {
          "id": "m10_l08",
          "title": "پروژه: طراحی دفاع چندلایه",
          "level": "intermediate",
          "minutes": 17,
          "tags": [
            "پروژه",
            "امنیت"
          ],
          "prereq": []
        }
      ]
    },
    {
      "id": "m11",
      "title": "طراحی محصول و UX برای اپ‌های AI",
      "summary": "چطور تجربه کاربری را طوری طراحی کنیم که خروجی AI قابل اعتماد و لذت‌بخش باشد.",
      "lessons": [
        {
          "id": "m11_l01",
          "title": "شفافیت: نمایش محدودیت‌های AI",
          "level": "advanced",
          "minutes": 17,
          "tags": [
            "UX",
            "شفافیت"
          ],
          "prereq": []
        },
        {
          "id": "m11_l02",
          "title": "طراحی ورودی‌ها (فرم‌ها) برای کاهش خطا",
          "level": "advanced",
          "minutes": 18,
          "tags": [
            "ورودی",
            "فرم"
          ],
          "prereq": []
        },
        {
          "id": "m11_l03",
          "title": "نمایش خروجی: ساختار، highlight, citations",
          "level": "advanced",
          "minutes": 19,
          "tags": [
            "خروجی",
            "UX"
          ],
          "prereq": []
        },
        {
          "id": "m11_l04",
          "title": "بازخورد کاربر و اصلاح پاسخ",
          "level": "advanced",
          "minutes": 20,
          "tags": [
            "بازخورد",
            "بهبود"
          ],
          "prereq": []
        },
        {
          "id": "m11_l05",
          "title": "گیمیفیکیشن: امتیاز، سطح، استریک",
          "level": "advanced",
          "minutes": 21,
          "tags": [
            "گیمیفیکیشن",
            "امتیاز"
          ],
          "prereq": []
        },
        {
          "id": "m11_l06",
          "title": "آنالیتیکس آموزشی: چه چیزی جواب می‌دهد؟",
          "level": "advanced",
          "minutes": 22,
          "tags": [
            "آنالیتیکس",
            "آموزش"
          ],
          "prereq": []
        },
        {
          "id": "m11_l07",
          "title": "طراحی آفلاین/آنلاین و کش",
          "level": "advanced",
          "minutes": 16,
          "tags": [
            "آفلاین",
            "کش"
          ],
          "prereq": []
        },
        {
          "id": "m11_l08",
          "title": "پروژه: طراحی یک مسیر یادگیری شخصی",
          "level": "advanced",
          "minutes": 17,
          "tags": [
            "پروژه",
            "مسیر"
          ],
          "prereq": []
        }
      ]
    },
    {
      "id": "m12",
      "title": "علم شناختی و مهارت ارتباطی",
      "summary": "چطور سوال خوب بپرسیم، فکرمان را شفاف کنیم و خروجی بهتر بگیریم.",
      "lessons": [
        {
          "id": "m12_l01",
          "title": "نوشتن واضح: از ابهام تا شفافیت",
          "level": "advanced",
          "minutes": 17,
          "tags": [
            "شفافیت",
            "نوشتن"
          ],
          "prereq": []
        },
        {
          "id": "m12_l02",
          "title": "تفکر انتقادی و سوال‌های بهتر",
          "level": "advanced",
          "minutes": 18,
          "tags": [
            "تفکر",
            "سوال"
          ],
          "prereq": []
        },
        {
          "id": "m12_l03",
          "title": "مدیریت ادعا و شواهد",
          "level": "advanced",
          "minutes": 19,
          "tags": [
            "شواهد",
            "ادعا"
          ],
          "prereq": []
        },
        {
          "id": "m12_l04",
          "title": "یادگیری فعال: تمرین‌های متنوع",
          "level": "advanced",
          "minutes": 20,
          "tags": [
            "تمرین",
            "یادگیری"
          ],
          "prereq": []
        },
        {
          "id": "m12_l05",
          "title": "مدل ذهنی و قیاس",
          "level": "advanced",
          "minutes": 21,
          "tags": [
            "مدل ذهنی",
            "قیاس"
          ],
          "prereq": []
        },
        {
          "id": "m12_l06",
          "title": "تکنیک‌های خلاصه‌سازی",
          "level": "advanced",
          "minutes": 22,
          "tags": [
            "خلاصه",
            "مهارت"
          ],
          "prereq": []
        },
        {
          "id": "m12_l07",
          "title": "پرهیز از فریب زبانی",
          "level": "advanced",
          "minutes": 16,
          "tags": [
            "فریب",
            "زبان"
          ],
          "prereq": []
        },
        {
          "id": "m12_l08",
          "title": "پروژه: طراحی تمرین‌های مسابقه‌ای",
          "level": "advanced",
          "minutes": 17,
          "tags": [
            "پروژه",
            "مسابقه"
          ],
          "prereq": []
        }
      ]
    },
    {
      "id": "m13",
      "title": "پروژه‌های عملی و کیس‌استادی",
      "summary": "کارگاه‌های واقعی برای تبدیل مهارت به نتیجه.",
      "lessons": [
        {
          "id": "m13_l01",
          "title": "کیس 1: ساخت دستیار مطالعه",
          "level": "advanced",
          "minutes": 17,
          "tags": [
            "کیس",
            "مطالعه"
          ],
          "prereq": []
        },
        {
          "id": "m13_l02",
          "title": "کیس 2: ساخت دستیار فروش",
          "level": "advanced",
          "minutes": 18,
          "tags": [
            "کیس",
            "فروش"
          ],
          "prereq": []
        },
        {
          "id": "m13_l03",
          "title": "کیس 3: ساخت دستیار تولید محتوا",
          "level": "advanced",
          "minutes": 19,
          "tags": [
            "کیس",
            "محتوا"
          ],
          "prereq": []
        },
        {
          "id": "m13_l04",
          "title": "کیس 4: ساخت دستیار کدنویسی",
          "level": "advanced",
          "minutes": 20,
          "tags": [
            "کیس",
            "کدنویسی"
          ],
          "prereq": []
        },
        {
          "id": "m13_l05",
          "title": "کیس 5: ساخت دستیار تحقیق",
          "level": "advanced",
          "minutes": 21,
          "tags": [
            "کیس",
            "تحقیق"
          ],
          "prereq": []
        },
        {
          "id": "m13_l06",
          "title": "کیس 6: ساخت دستیار تصمیم‌گیری",
          "level": "advanced",
          "minutes": 22,
          "tags": [
            "کیس",
            "تصمیم"
          ],
          "prereq": []
        },
        {
          "id": "m13_l07",
          "title": "کیس 7: طراحی سیاست و امنیت",
          "level": "advanced",
          "minutes": 16,
          "tags": [
            "کیس",
            "امنیت"
          ],
          "prereq": []
        },
        {
          "id": "m13_l08",
          "title": "کیس 8: ارائه نهایی و داوری",
          "level": "advanced",
          "minutes": 17,
          "tags": [
            "ارائه",
            "داوری"
          ],
          "prereq": []
        }
      ]
    },
    {
      "id": "m14",
      "title": "ارزیابی مسابقه‌ای و بنچمارک",
      "summary": "چطور برای مسابقه آماده شویم: معیارها، دیتاست‌ها، و ارائه.",
      "lessons": [
        {
          "id": "m14_l01",
          "title": "تعریف KPI برای پرامپت",
          "level": "advanced",
          "minutes": 17,
          "tags": [
            "KPI",
            "معیار"
          ],
          "prereq": []
        },
        {
          "id": "m14_l02",
          "title": "ساخت بنچمارک کوچک شخصی",
          "level": "advanced",
          "minutes": 18,
          "tags": [
            "بنچمارک",
            "شخصی"
          ],
          "prereq": []
        },
        {
          "id": "m14_l03",
          "title": "مقایسه با بهترین‌ها: تحلیل نمونه‌ها",
          "level": "advanced",
          "minutes": 19,
          "tags": [
            "تحلیل",
            "نمونه"
          ],
          "prereq": []
        },
        {
          "id": "m14_l04",
          "title": "بهینه‌سازی برای سرعت/هزینه/کیفیت",
          "level": "advanced",
          "minutes": 20,
          "tags": [
            "بهینه‌سازی",
            "هزینه"
          ],
          "prereq": []
        },
        {
          "id": "m14_l05",
          "title": "تجربه داور: چه چیزی امتیاز می‌آورد؟",
          "level": "advanced",
          "minutes": 21,
          "tags": [
            "داوری",
            "امتیاز"
          ],
          "prereq": []
        },
        {
          "id": "m14_l06",
          "title": "مستندسازی و reproducibility",
          "level": "advanced",
          "minutes": 22,
          "tags": [
            "تکرارپذیری",
            "مستند"
          ],
          "prereq": []
        },
        {
          "id": "m14_l07",
          "title": "Demo حرفه‌ای: اسکریپت ارائه",
          "level": "advanced",
          "minutes": 16,
          "tags": [
            "دمو",
            "ارائه"
          ],
          "prereq": []
        },
        {
          "id": "m14_l08",
          "title": "پروژه: ساخت پرونده مسابقه",
          "level": "advanced",
          "minutes": 17,
          "tags": [
            "پروژه",
            "پرونده"
          ],
          "prereq": []
        }
      ]
    },
    {
      "id": "m15",
      "title": "منابع، مقالات و نقشه مطالعه",
      "summary": "یک کتابخانه‌ی curated برای رشد سریع و اصولی.",
      "lessons": [
        {
          "id": "m15_l01",
          "title": "مقالات پایه ترنسفورمر و LLM",
          "level": "advanced",
          "minutes": 17,
          "tags": [
            "مقاله",
            "پایه"
          ],
          "prereq": []
        },
        {
          "id": "m15_l02",
          "title": "Instruction tuning و RLHF",
          "level": "advanced",
          "minutes": 18,
          "tags": [
            "RLHF",
            "alignment"
          ],
          "prereq": []
        },
        {
          "id": "m15_l03",
          "title": "Chain-of-Thought و reasoning",
          "level": "advanced",
          "minutes": 19,
          "tags": [
            "reasoning",
            "CoT"
          ],
          "prereq": []
        },
        {
          "id": "m15_l04",
          "title": "RAG و Retrieval",
          "level": "advanced",
          "minutes": 20,
          "tags": [
            "RAG",
            "retrieval"
          ],
          "prereq": []
        },
        {
          "id": "m15_l05",
          "title": "Agentها و Tool use",
          "level": "advanced",
          "minutes": 21,
          "tags": [
            "عامل",
            "ابزار"
          ],
          "prereq": []
        },
        {
          "id": "m15_l06",
          "title": "Evaluation و Benchmarks",
          "level": "advanced",
          "minutes": 22,
          "tags": [
            "evaluation",
            "benchmark"
          ],
          "prereq": []
        },
        {
          "id": "m15_l07",
          "title": "امنیت و Prompt Injection",
          "level": "advanced",
          "minutes": 16,
          "tags": [
            "security",
            "injection"
          ],
          "prereq": []
        },
        {
          "id": "m15_l08",
          "title": "مسیر مطالعه 30 روزه",
          "level": "advanced",
          "minutes": 17,
          "tags": [
            "برنامه",
            "مسیر"
          ],
          "prereq": []
        }
      ]
    },
    {
      "id": "m16",
      "title": "جمع‌بندی و مسیر حرفه‌ای شدن",
      "summary": "چطور این مهارت را به سطح جهانی و مسابقه‌ای ببریم.",
      "lessons": [
        {
          "id": "m16_l01",
          "title": "چک‌لیست نهایی مهندس پرامپت",
          "level": "advanced",
          "minutes": 17,
          "tags": [
            "چک‌لیست",
            "نهایی"
          ],
          "prereq": []
        },
        {
          "id": "m16_l02",
          "title": "ساخت پورتفولیو پرامپت",
          "level": "advanced",
          "minutes": 18,
          "tags": [
            "پورتفولیو",
            "نمونه"
          ],
          "prereq": []
        },
        {
          "id": "m16_l03",
          "title": "کار تیمی: استانداردسازی پرامپت‌ها",
          "level": "advanced",
          "minutes": 19,
          "tags": [
            "تیم",
            "استاندارد"
          ],
          "prereq": []
        },
        {
          "id": "m16_l04",
          "title": "فرآیند بهبود مستمر",
          "level": "advanced",
          "minutes": 20,
          "tags": [
            "بهبود",
            "مستمر"
          ],
          "prereq": []
        },
        {
          "id": "m16_l05",
          "title": "ساخت ابزار شخصی: پرامپت‌بوک",
          "level": "advanced",
          "minutes": 21,
          "tags": [
            "ابزار",
            "promptbook"
          ],
          "prereq": []
        },
        {
          "id": "m16_l06",
          "title": "مسیر شغلی و مهارت‌های مکمل",
          "level": "advanced",
          "minutes": 22,
          "tags": [
            "شغل",
            "مهارت"
          ],
          "prereq": []
        },
        {
          "id": "m16_l07",
          "title": "آمادگی مصاحبه و آزمون",
          "level": "advanced",
          "minutes": 16,
          "tags": [
            "مصاحبه",
            "آزمون"
          ],
          "prereq": []
        },
        {
          "id": "m16_l08",
          "title": "پروژه نهایی: محصول مسابقه‌ای",
          "level": "advanced",
          "minutes": 17,
          "tags": [
            "پروژه",
            "نهایی"
          ],
          "prereq": []
        }
      ]
    }
  ]
}