{
  "cards": [
    {
      "id": "fc_m01_l01_01",
      "lessonId": "m01_l01",
      "front": "برای «پرامپت‌نویسی یعنی «طراحی مشخصات» نه «حرف زدن با مدل»» مهم‌ترین اقدام عملی چیست؟",
      "back": "شفاف‌کردن هدف + تعیین فرمت خروجی + افزودن معیار پذیرش.\n\nیادآوری: سه‌گانه‌ی هدف/فرمت/معیار ساده‌ترین راه برای بالا بردن کیفیت است.",
      "tags": [
        "مبانی",
        "ذهنیت",
        "مشخصات"
      ]
    },
    {
      "id": "fc_m01_l01_02",
      "lessonId": "m01_l01",
      "front": "چک‌لیست سریع این درس را نام ببر (حداقل 3 مورد).",
      "back": "• هدف دقیق و یک‌جمله‌ای دارد\n• خروجی دقیقاً مشخص است (نوع، طول، ساختار)\n• محدودیت‌ها واضح هستند (زبان، لحن، ممنوعیت‌ها)\n• معیار پذیرش قابل اندازه‌گیری است (نه سلیقه‌ای)",
      "tags": [
        "مبانی",
        "ذهنیت",
        "مشخصات"
      ]
    },
    {
      "id": "fc_m01_l02_01",
      "lessonId": "m01_l02",
      "front": "برای «قالب طلایی R-G-C-I-C: نقش، هدف، زمینه، ورودی‌ها، قیود + فرمت خروجی» مهم‌ترین اقدام عملی چیست؟",
      "back": "شفاف‌کردن هدف + تعیین فرمت خروجی + افزودن معیار پذیرش.\n\nیادآوری: سه‌گانه‌ی هدف/فرمت/معیار ساده‌ترین راه برای بالا بردن کیفیت است.",
      "tags": [
        "الگو",
        "ساختار",
        "کیفیت"
      ]
    },
    {
      "id": "fc_m01_l02_02",
      "lessonId": "m01_l02",
      "front": "چک‌لیست سریع این درس را نام ببر (حداقل 3 مورد).",
      "back": "• Role و Goal جدا و واضح‌اند\n• Inputs دقیق و کامل است\n• Constraints قابل اجراست\n• Output format دقیق است (سرفصل‌ها/فیلدها)",
      "tags": [
        "الگو",
        "ساختار",
        "کیفیت"
      ]
    },
    {
      "id": "fc_m01_l03_01",
      "lessonId": "m01_l03",
      "front": "برای «فرمت خروجی: جدول، JSON، چک‌لیست — کلید خروجی پایدار» مهم‌ترین اقدام عملی چیست؟",
      "back": "تعریف قالب/اسکیما و تاکید بر اینکه خروجی «فقط JSON معتبر» باشد.\n\nیادآوری: وقتی اسکیما می‌دهی و «فقط JSON» می‌خواهی، متن اضافی و خطاهای ساختاری کم می‌شود.",
      "tags": [
        "خروجی",
        "JSON",
        "جدول"
      ]
    },
    {
      "id": "fc_m01_l03_02",
      "lessonId": "m01_l03",
      "front": "چک‌لیست سریع این درس را نام ببر (حداقل 3 مورد).",
      "back": "• خروجی ساختار دارد (جدول/JSON/لیست مرتب)\n• نام فیلدها واضح و ثابت است\n• هیچ متن اضافه‌ای خارج از فرمت خواسته‌شده نیست\n• اگر JSON است، «فقط JSON» تاکید شده",
      "tags": [
        "خروجی",
        "JSON",
        "جدول"
      ]
    },
    {
      "id": "fc_m01_l04_01",
      "lessonId": "m01_l04",
      "front": "برای «معیار پذیرش و روبریک: چطور کیفیت را «قابل سنجش» کنیم؟» مهم‌ترین اقدام عملی چیست؟",
      "back": "تعریف روبریک عددی (مثلاً ۵ معیار × ۰ تا ۲) و تست‌کیس‌های مشخص.\n\nیادآوری: بدون روبریک، «بهتر شدن» قابل سنجش نیست و کیفیت ناپایدار می‌ماند.",
      "tags": [
        "Rubric",
        "کنترل کیفیت",
        "ارزیابی"
      ]
    },
    {
      "id": "fc_m01_l04_02",
      "lessonId": "m01_l04",
      "front": "چک‌لیست سریع این درس را نام ببر (حداقل 3 مورد).",
      "back": "• معیارها عددی و قابل مشاهده‌اند\n• برای هر معیار مثال وجود دارد\n• تست کیس‌ها مشخص‌اند\n• به خروجیِ قابل ارزیابی منجر می‌شود",
      "tags": [
        "Rubric",
        "کنترل کیفیت",
        "ارزیابی"
      ]
    },
    {
      "id": "fc_m01_l05_01",
      "lessonId": "m01_l05",
      "front": "برای «چرخه‌ی دیباگ: از پاسخ بد تا نسخه‌ی خوب (Iterate like an Engineer)» مهم‌ترین اقدام عملی چیست؟",
      "back": "شفاف‌کردن هدف + تعیین فرمت خروجی + افزودن معیار پذیرش.\n\nیادآوری: سه‌گانه‌ی هدف/فرمت/معیار ساده‌ترین راه برای بالا بردن کیفیت است.",
      "tags": [
        "دیباگ",
        "تکرار",
        "سیستماتیک"
      ]
    },
    {
      "id": "fc_m01_l05_02",
      "lessonId": "m01_l05",
      "front": "چک‌لیست سریع این درس را نام ببر (حداقل 3 مورد).",
      "back": "• مشکل دقیق نام‌گذاری شده\n• حداقل تغییر اعمال شده (نه بازنویسی کامل بی‌دلیل)\n• سوال‌های روشن‌کننده اضافه شده\n• فرمت خروجی حفظ شده",
      "tags": [
        "دیباگ",
        "تکرار",
        "سیستماتیک"
      ]
    },
    {
      "id": "fc_m01_l06_01",
      "lessonId": "m01_l06",
      "front": "برای «خطاهای شناختی رایج در پرامپت‌نویسی: چرا خودمان خرابش می‌کنیم؟» مهم‌ترین اقدام عملی چیست؟",
      "back": "شفاف‌کردن هدف + تعیین فرمت خروجی + افزودن معیار پذیرش.\n\nیادآوری: سه‌گانه‌ی هدف/فرمت/معیار ساده‌ترین راه برای بالا بردن کیفیت است.",
      "tags": [
        "خطای شناختی",
        "خطا",
        "مهارت"
      ]
    },
    {
      "id": "fc_m01_l06_02",
      "lessonId": "m01_l06",
      "front": "چک‌لیست سریع این درس را نام ببر (حداقل 3 مورد).",
      "back": "• ابهام حذف شده\n• روبریک وجود دارد\n• چند پاسخ تولید و مقایسه می‌شود\n• edge-case ها تست می‌شوند",
      "tags": [
        "خطای شناختی",
        "خطا",
        "مهارت"
      ]
    },
    {
      "id": "fc_m01_l07_01",
      "lessonId": "m01_l07",
      "front": "برای «پرامپت چندمرحله‌ای: وقتی یک سوال کافی نیست» مهم‌ترین اقدام عملی چیست؟",
      "back": "شفاف‌کردن هدف + تعیین فرمت خروجی + افزودن معیار پذیرش.\n\nیادآوری: سه‌گانه‌ی هدف/فرمت/معیار ساده‌ترین راه برای بالا بردن کیفیت است.",
      "tags": [
        "چندمرحله‌ای",
        "فرایند",
        "زنجیره‌ای"
      ]
    },
    {
      "id": "fc_m01_l07_02",
      "lessonId": "m01_l07",
      "front": "چک‌لیست سریع این درس را نام ببر (حداقل 3 مورد).",
      "back": "• مراحل واضح و جداست\n• خروجی هر مرحله مشخص است\n• مرحله‌ی QA وجود دارد\n• مرحله‌ی نهایی تمیز و بدون حاشیه است",
      "tags": [
        "چندمرحله‌ای",
        "فرایند",
        "زنجیره‌ای"
      ]
    },
    {
      "id": "fc_m01_l08_01",
      "lessonId": "m01_l08",
      "front": "برای «پروژه‌ی کوچک: ساخت «سوپرپرامپت» مسابقه‌ای برای یک کاربرد واقعی» مهم‌ترین اقدام عملی چیست؟",
      "back": "شفاف‌کردن هدف + تعیین فرمت خروجی + افزودن معیار پذیرش.\n\nیادآوری: سه‌گانه‌ی هدف/فرمت/معیار ساده‌ترین راه برای بالا بردن کیفیت است.",
      "tags": [
        "پروژه",
        "نهایی",
        "سوپرپرامپت"
      ]
    },
    {
      "id": "fc_m01_l08_02",
      "lessonId": "m01_l08",
      "front": "چک‌لیست سریع این درس را نام ببر (حداقل 3 مورد).",
      "back": "• ورودی‌ها مشخص و قابل پر کردن‌اند\n• ساختار خروجی ثابت است\n• تمرین‌ها متنوع و زیادند\n• سوال‌ها پاسخ و توضیح دارند",
      "tags": [
        "پروژه",
        "نهایی",
        "سوپرپرامپت"
      ]
    },
    {
      "id": "fc_m02_l01_01",
      "lessonId": "m02_l01",
      "front": "برای «توکن چیست و چرا «پنجرهٔ کانتکست» مهم‌ترین محدودیت توست» مهم‌ترین اقدام عملی چیست؟",
      "back": "شفاف‌کردن هدف + تعیین فرمت خروجی + افزودن معیار پذیرش.\n\nیادآوری: سه‌گانه‌ی هدف/فرمت/معیار ساده‌ترین راه برای بالا بردن کیفیت است.",
      "tags": [
        "توکن",
        "پنجره کانتکست",
        "محدودیت"
      ]
    },
    {
      "id": "fc_m02_l01_02",
      "lessonId": "m02_l01",
      "front": "چک‌لیست سریع این درس را نام ببر (حداقل 3 مورد).",
      "back": "• ورودی‌ها فشرده و ساختاریافته شده‌اند\n• اطلاعات غیرضروری حذف شده\n• به محدودیت طول توجه شده\n• خروجی با حداقل متن قابل استفاده است",
      "tags": [
        "توکن",
        "پنجره کانتکست",
        "محدودیت"
      ]
    },
    {
      "id": "fc_m02_l02_01",
      "lessonId": "m02_l02",
      "front": "برای «ترنسفورمر و «توجه» (Attention) با یک مثال قابل لمس» مهم‌ترین اقدام عملی چیست؟",
      "back": "شفاف‌کردن هدف + تعیین فرمت خروجی + افزودن معیار پذیرش.\n\nیادآوری: سه‌گانه‌ی هدف/فرمت/معیار ساده‌ترین راه برای بالا بردن کیفیت است.",
      "tags": [
        "ترنسفورمر",
        "توجه",
        "ذهنی"
      ]
    },
    {
      "id": "fc_m02_l02_02",
      "lessonId": "m02_l02",
      "front": "چک‌لیست سریع این درس را نام ببر (حداقل 3 مورد).",
      "back": "• ورودی بخش‌بندی شده\n• نکات مهم برجسته شده\n• اطلاعات اضافی حذف شده\n• خلاصه‌ی کوتاه اضافه شده",
      "tags": [
        "ترنسفورمر",
        "توجه",
        "ذهنی"
      ]
    },
    {
      "id": "fc_m02_l03_01",
      "lessonId": "m02_l03",
      "front": "برای «پیش‌آموزش، تنظیم‌دستورپذیری، RLHF: چرا مدل‌های جدید بهتر «دستور» می‌گیرند؟» مهم‌ترین اقدام عملی چیست؟",
      "back": "شفاف‌کردن هدف + تعیین فرمت خروجی + افزودن معیار پذیرش.\n\nیادآوری: سه‌گانه‌ی هدف/فرمت/معیار ساده‌ترین راه برای بالا بردن کیفیت است.",
      "tags": [
        "پیش‌آموزش",
        "دستورپذیری",
        "RLHF"
      ]
    },
    {
      "id": "fc_m02_l03_02",
      "lessonId": "m02_l03",
      "front": "چک‌لیست سریع این درس را نام ببر (حداقل 3 مورد).",
      "back": "• تعریف‌ها درست و ساده‌اند\n• مثال مقایسه‌ای وجود دارد\n• نکته‌های عملی قابل اجرا هستند\n• به سبک مدل جدید توجه شده",
      "tags": [
        "پیش‌آموزش",
        "دستورپذیری",
        "RLHF"
      ]
    },
    {
      "id": "fc_m02_l04_01",
      "lessonId": "m02_l04",
      "front": "برای «Temperature و Top‑p: چرا بعضی پاسخ‌ها خلاق‌تر یا دقیق‌تر می‌شوند؟» مهم‌ترین اقدام عملی چیست؟",
      "back": "شفاف‌کردن هدف + تعیین فرمت خروجی + افزودن معیار پذیرش.\n\nیادآوری: سه‌گانه‌ی هدف/فرمت/معیار ساده‌ترین راه برای بالا بردن کیفیت است.",
      "tags": [
        "نمونه‌برداری",
        "دما",
        "Top‑p"
      ]
    },
    {
      "id": "fc_m02_l04_02",
      "lessonId": "m02_l04",
      "front": "چک‌لیست سریع این درس را نام ببر (حداقل 3 مورد).",
      "back": "• برای خلاقیت و دقت قیود متفاوت تعریف شده\n• خروجی برچسب‌گذاری شده\n• اغراق کنترل شده",
      "tags": [
        "نمونه‌برداری",
        "دما",
        "Top‑p"
      ]
    },
    {
      "id": "fc_m02_l05_01",
      "lessonId": "m02_l05",
      "front": "برای «چرا مدل «توهم» می‌زند؟ 6 علت رایج + راهکارهای عملی» مهم‌ترین اقدام عملی چیست؟",
      "back": "شفاف‌کردن هدف + تعیین فرمت خروجی + افزودن معیار پذیرش.\n\nیادآوری: سه‌گانه‌ی هدف/فرمت/معیار ساده‌ترین راه برای بالا بردن کیفیت است.",
      "tags": [
        "توهم",
        "اعتمادپذیری",
        "ایمنی"
      ]
    },
    {
      "id": "fc_m02_l05_02",
      "lessonId": "m02_l05",
      "front": "چک‌لیست سریع این درس را نام ببر (حداقل 3 مورد).",
      "back": "• سوال روشن‌کننده وجود دارد\n• دامنه محدود شده\n• منبع/اطمینان درخواست شده\n• مدل اجازه دارد «نمی‌دانم» بگوید",
      "tags": [
        "توهم",
        "اعتمادپذیری",
        "ایمنی"
      ]
    },
    {
      "id": "fc_m02_l06_01",
      "lessonId": "m02_l06",
      "front": "برای «پنجره کانتکست vs حافظه: چطور اطلاعات را پایدار نگه داریم؟» مهم‌ترین اقدام عملی چیست؟",
      "back": "شفاف‌کردن هدف + تعیین فرمت خروجی + افزودن معیار پذیرش.\n\nیادآوری: سه‌گانه‌ی هدف/فرمت/معیار ساده‌ترین راه برای بالا بردن کیفیت است.",
      "tags": [
        "حافظه",
        "خلاصه‌سازی",
        "Context"
      ]
    },
    {
      "id": "fc_m02_l06_02",
      "lessonId": "m02_l06",
      "front": "چک‌لیست سریع این درس را نام ببر (حداقل 3 مورد).",
      "back": "• خلاصه ساختاریافته است\n• حدس وجود ندارد\n• اطلاعات مهم گم نشده\n• قالب ثابت حفظ شده",
      "tags": [
        "حافظه",
        "خلاصه‌سازی",
        "Context"
      ]
    },
    {
      "id": "fc_m02_l07_01",
      "lessonId": "m02_l07",
      "front": "برای «چطور برای مدل‌های قدیمی vs جدید پرامپت بدهیم؟ تفاوت‌های عملی» مهم‌ترین اقدام عملی چیست؟",
      "back": "شفاف‌کردن هدف + تعیین فرمت خروجی + افزودن معیار پذیرش.\n\nیادآوری: سه‌گانه‌ی هدف/فرمت/معیار ساده‌ترین راه برای بالا بردن کیفیت است.",
      "tags": [
        "قدیمی/جدید",
        "پرامپتینگ",
        "چت"
      ]
    },
    {
      "id": "fc_m02_l07_02",
      "lessonId": "m02_l07",
      "front": "چک‌لیست سریع این درس را نام ببر (حداقل 3 مورد).",
      "back": "• برای مدل قدیمی مثال داده شده\n• برای مدل جدید ساختار و معیار وجود دارد\n• قیود واضح‌اند\n• خروجی پایدار است",
      "tags": [
        "قدیمی/جدید",
        "پرامپتینگ",
        "چت"
      ]
    },
    {
      "id": "fc_m02_l08_01",
      "lessonId": "m02_l08",
      "front": "برای «پروژه‌ی کوچک: طراحی یک «درس‌ساز خودکار» با درک محدودیت‌های مدل» مهم‌ترین اقدام عملی چیست؟",
      "back": "شفاف‌کردن هدف + تعیین فرمت خروجی + افزودن معیار پذیرش.\n\nیادآوری: سه‌گانه‌ی هدف/فرمت/معیار ساده‌ترین راه برای بالا بردن کیفیت است.",
      "tags": [
        "پروژه",
        "Lesson generator",
        "Model limits"
      ]
    },
    {
      "id": "fc_m02_l08_02",
      "lessonId": "m02_l08",
      "front": "چک‌لیست سریع این درس را نام ببر (حداقل 3 مورد).",
      "back": "• سوال‌های روشن‌کننده وجود دارد\n• فرض‌ها شفاف‌اند\n• خروجی ساختاریافته است\n• ریسک توهم مدیریت شده",
      "tags": [
        "پروژه",
        "Lesson generator",
        "Model limits"
      ]
    },
    {
      "id": "fc_m03_l01_01",
      "lessonId": "m03_l01",
      "front": "برای «پرامپت‌های چندبخشی: بلوک‌بندی حرفه‌ای» مهم‌ترین اقدام عملی چیست؟",
      "back": "شفاف‌کردن هدف + تعیین فرمت خروجی + افزودن معیار پذیرش.\n\nیادآوری: سه‌گانه‌ی هدف/فرمت/معیار ساده‌ترین راه برای بالا بردن کیفیت است.",
      "tags": [
        "ساختار",
        "بلوک"
      ]
    },
    {
      "id": "fc_m03_l02_01",
      "lessonId": "m03_l02",
      "front": "برای «Few‑shot و مثال‌دادن اصولی» مهم‌ترین اقدام عملی چیست؟",
      "back": "ارائهٔ ۱ تا ۳ مثال «قبل از درخواست اصلی» تا مدل قالب و سبک را تقلید کند.\n\nیادآوری: Few-shot یعنی با مثال، رفتار مطلوب را به مدل نشان بدهی تا خروجی پایدارتر شود.",
      "tags": [
        "few-shot",
        "مثال"
      ]
    },
    {
      "id": "fc_m03_l03_01",
      "lessonId": "m03_l03",
      "front": "برای «تعریف لحن و سبک: راهنمای نویسندگی» مهم‌ترین اقدام عملی چیست؟",
      "back": "شفاف‌کردن هدف + تعیین فرمت خروجی + افزودن معیار پذیرش.\n\nیادآوری: سه‌گانه‌ی هدف/فرمت/معیار ساده‌ترین راه برای بالا بردن کیفیت است.",
      "tags": [
        "لحن",
        "سبک"
      ]
    },
    {
      "id": "fc_m03_l04_01",
      "lessonId": "m03_l04",
      "front": "برای «کنترل طول و سطح جزئیات» مهم‌ترین اقدام عملی چیست؟",
      "back": "شفاف‌کردن هدف + تعیین فرمت خروجی + افزودن معیار پذیرش.\n\nیادآوری: سه‌گانه‌ی هدف/فرمت/معیار ساده‌ترین راه برای بالا بردن کیفیت است.",
      "tags": [
        "طول",
        "جزئیات"
      ]
    },
    {
      "id": "fc_m03_l05_01",
      "lessonId": "m03_l05",
      "front": "برای «ساختاردهی خروجی با تیترهای ثابت» مهم‌ترین اقدام عملی چیست؟",
      "back": "شفاف‌کردن هدف + تعیین فرمت خروجی + افزودن معیار پذیرش.\n\nیادآوری: سه‌گانه‌ی هدف/فرمت/معیار ساده‌ترین راه برای بالا بردن کیفیت است.",
      "tags": [
        "خروجی",
        "ساختار"
      ]
    },
    {
      "id": "fc_m03_l06_01",
      "lessonId": "m03_l06",
      "front": "برای «قفل کردن خروجی با JSON schema ساده» مهم‌ترین اقدام عملی چیست؟",
      "back": "تعریف قالب/اسکیما و تاکید بر اینکه خروجی «فقط JSON معتبر» باشد.\n\nیادآوری: وقتی اسکیما می‌دهی و «فقط JSON» می‌خواهی، متن اضافی و خطاهای ساختاری کم می‌شود.",
      "tags": [
        "JSON",
        "schema"
      ]
    },
    {
      "id": "fc_m03_l07_01",
      "lessonId": "m03_l07",
      "front": "برای «پرامپت برای ترجمه و بومی‌سازی حرفه‌ای» مهم‌ترین اقدام عملی چیست؟",
      "back": "شفاف‌کردن هدف + تعیین فرمت خروجی + افزودن معیار پذیرش.\n\nیادآوری: سه‌گانه‌ی هدف/فرمت/معیار ساده‌ترین راه برای بالا بردن کیفیت است.",
      "tags": [
        "ترجمه",
        "بومی‌سازی"
      ]
    },
    {
      "id": "fc_m03_l08_01",
      "lessonId": "m03_l08",
      "front": "برای «پروژه: ساخت یک پرامپت چندزبانه» مهم‌ترین اقدام عملی چیست؟",
      "back": "شفاف‌کردن هدف + تعیین فرمت خروجی + افزودن معیار پذیرش.\n\nیادآوری: سه‌گانه‌ی هدف/فرمت/معیار ساده‌ترین راه برای بالا بردن کیفیت است.",
      "tags": [
        "پروژه",
        "چندزبانه"
      ]
    },
    {
      "id": "fc_m04_l01_01",
      "lessonId": "m04_l01",
      "front": "برای «ساخت دیتاست تست: 20 تست کیس طلایی» مهم‌ترین اقدام عملی چیست؟",
      "back": "شفاف‌کردن هدف + تعیین فرمت خروجی + افزودن معیار پذیرش.\n\nیادآوری: سه‌گانه‌ی هدف/فرمت/معیار ساده‌ترین راه برای بالا بردن کیفیت است.",
      "tags": [
        "کنترل کیفیت",
        "تست"
      ]
    },
    {
      "id": "fc_m04_l02_01",
      "lessonId": "m04_l02",
      "front": "برای «مقایسه نسخه‌ها: A/B برای پرامپت» مهم‌ترین اقدام عملی چیست؟",
      "back": "اجرای دو نسخهٔ پرامپت روی یک دیتاست ثابت و مقایسه با روبریک یکسان.\n\nیادآوری: A/B یعنی تغییر را کنترل‌ شده تست کنی تا بدانی دقیقاً کدام نسخه بهتر است.",
      "tags": [
        "A/B",
        "نسخه‌بندی"
      ]
    },
    {
      "id": "fc_m04_l03_01",
      "lessonId": "m04_l03",
      "front": "برای «روبریک پیشرفته: وزن‌دهی و نمره‌دهی» مهم‌ترین اقدام عملی چیست؟",
      "back": "شفاف‌کردن هدف + تعیین فرمت خروجی + افزودن معیار پذیرش.\n\nیادآوری: سه‌گانه‌ی هدف/فرمت/معیار ساده‌ترین راه برای بالا بردن کیفیت است.",
      "tags": [
        "روبریک",
        "امتیاز"
      ]
    },
    {
      "id": "fc_m04_l04_01",
      "lessonId": "m04_l04",
      "front": "برای «تکنیک‌های خود‑ارزیابی (self‑critique)» مهم‌ترین اقدام عملی چیست؟",
      "back": "شفاف‌کردن هدف + تعیین فرمت خروجی + افزودن معیار پذیرش.\n\nیادآوری: سه‌گانه‌ی هدف/فرمت/معیار ساده‌ترین راه برای بالا بردن کیفیت است.",
      "tags": [
        "خودارزیابی",
        "کیفیت"
      ]
    },
    {
      "id": "fc_m04_l05_01",
      "lessonId": "m04_l05",
      "front": "برای «کاهش توهم: منبع‌خواهی و محدودیت دامنه» مهم‌ترین اقدام عملی چیست؟",
      "back": "شفاف‌کردن هدف + تعیین فرمت خروجی + افزودن معیار پذیرش.\n\nیادآوری: سه‌گانه‌ی هدف/فرمت/معیار ساده‌ترین راه برای بالا بردن کیفیت است.",
      "tags": [
        "توهم",
        "منبع"
      ]
    },
    {
      "id": "fc_m04_l06_01",
      "lessonId": "m04_l06",
      "front": "برای «تشخیص تناقض و سازگاری چندمرحله‌ای» مهم‌ترین اقدام عملی چیست؟",
      "back": "شفاف‌کردن هدف + تعیین فرمت خروجی + افزودن معیار پذیرش.\n\nیادآوری: سه‌گانه‌ی هدف/فرمت/معیار ساده‌ترین راه برای بالا بردن کیفیت است.",
      "tags": [
        "سازگاری",
        "تناقض"
      ]
    },
    {
      "id": "fc_m04_l07_01",
      "lessonId": "m04_l07",
      "front": "برای «گزارش خطای استاندارد برای پرامپت» مهم‌ترین اقدام عملی چیست؟",
      "back": "شفاف‌کردن هدف + تعیین فرمت خروجی + افزودن معیار پذیرش.\n\nیادآوری: سه‌گانه‌ی هدف/فرمت/معیار ساده‌ترین راه برای بالا بردن کیفیت است.",
      "tags": [
        "دیباگ",
        "گزارش"
      ]
    },
    {
      "id": "fc_m04_l08_01",
      "lessonId": "m04_l08",
      "front": "برای «پروژه: تبدیل یک پرامپت ضعیف به عالی» مهم‌ترین اقدام عملی چیست؟",
      "back": "شفاف‌کردن هدف + تعیین فرمت خروجی + افزودن معیار پذیرش.\n\nیادآوری: سه‌گانه‌ی هدف/فرمت/معیار ساده‌ترین راه برای بالا بردن کیفیت است.",
      "tags": [
        "پروژه",
        "بهینه‌سازی"
      ]
    },
    {
      "id": "fc_m05_l01_01",
      "lessonId": "m05_l01",
      "front": "برای «الگوی برنامه‌ریزی → اجرا → بررسی» مهم‌ترین اقدام عملی چیست؟",
      "back": "شفاف‌کردن هدف + تعیین فرمت خروجی + افزودن معیار پذیرش.\n\nیادآوری: سه‌گانه‌ی هدف/فرمت/معیار ساده‌ترین راه برای بالا بردن کیفیت است.",
      "tags": [
        "فرایند",
        "کیفیت"
      ]
    },
    {
      "id": "fc_m05_l02_01",
      "lessonId": "m05_l02",
      "front": "برای «الگوی نقش‌های چندگانه (Multi‑role)» مهم‌ترین اقدام عملی چیست؟",
      "back": "شفاف‌کردن هدف + تعیین فرمت خروجی + افزودن معیار پذیرش.\n\nیادآوری: سه‌گانه‌ی هدف/فرمت/معیار ساده‌ترین راه برای بالا بردن کیفیت است.",
      "tags": [
        "نقش",
        "چندگانه"
      ]
    },
    {
      "id": "fc_m05_l03_01",
      "lessonId": "m05_l03",
      "front": "برای «الگوی پرسش روشن‌کننده» مهم‌ترین اقدام عملی چیست؟",
      "back": "شفاف‌کردن هدف + تعیین فرمت خروجی + افزودن معیار پذیرش.\n\nیادآوری: سه‌گانه‌ی هدف/فرمت/معیار ساده‌ترین راه برای بالا بردن کیفیت است.",
      "tags": [
        "سوال",
        "شفاف‌سازی"
      ]
    },
    {
      "id": "fc_m05_l04_01",
      "lessonId": "m05_l04",
      "front": "برای «الگوی تولید گزینه‌ها و انتخاب» مهم‌ترین اقدام عملی چیست؟",
      "back": "شفاف‌کردن هدف + تعیین فرمت خروجی + افزودن معیار پذیرش.\n\nیادآوری: سه‌گانه‌ی هدف/فرمت/معیار ساده‌ترین راه برای بالا بردن کیفیت است.",
      "tags": [
        "گزینه",
        "انتخاب"
      ]
    },
    {
      "id": "fc_m05_l05_01",
      "lessonId": "m05_l05",
      "front": "برای «الگوی خلاصه‌سازی لایه‌ای» مهم‌ترین اقدام عملی چیست؟",
      "back": "شفاف‌کردن هدف + تعیین فرمت خروجی + افزودن معیار پذیرش.\n\nیادآوری: سه‌گانه‌ی هدف/فرمت/معیار ساده‌ترین راه برای بالا بردن کیفیت است.",
      "tags": [
        "خلاصه",
        "لایه‌ای"
      ]
    },
    {
      "id": "fc_m05_l06_01",
      "lessonId": "m05_l06",
      "front": "برای «الگوی ReAct برای کار با ابزارها (مفهومی)» مهم‌ترین اقدام عملی چیست؟",
      "back": "تعریف دقیق ابزارها (ورودی/خروجی) و نوشتن دستورالعمل استفاده در قالب مرحله‌ای.\n\nیادآوری: وقتی ابزارها شفاف تعریف شوند، مدل کمتر حدس می‌زند و درست‌تر اقدام می‌کند.",
      "tags": [
        "ابزار",
        "عامل"
      ]
    },
    {
      "id": "fc_m05_l07_01",
      "lessonId": "m05_l07",
      "front": "برای «الگوی محدودسازی ریسک» مهم‌ترین اقدام عملی چیست؟",
      "back": "شفاف‌کردن هدف + تعیین فرمت خروجی + افزودن معیار پذیرش.\n\nیادآوری: سه‌گانه‌ی هدف/فرمت/معیار ساده‌ترین راه برای بالا بردن کیفیت است.",
      "tags": [
        "ریسک",
        "امنیت"
      ]
    },
    {
      "id": "fc_m05_l08_01",
      "lessonId": "m05_l08",
      "front": "برای «پروژه: ساخت پرامپت قابل تکرار برای تیم» مهم‌ترین اقدام عملی چیست؟",
      "back": "شفاف‌کردن هدف + تعیین فرمت خروجی + افزودن معیار پذیرش.\n\nیادآوری: سه‌گانه‌ی هدف/فرمت/معیار ساده‌ترین راه برای بالا بردن کیفیت است.",
      "tags": [
        "پروژه",
        "تیم"
      ]
    },
    {
      "id": "fc_m06_l01_01",
      "lessonId": "m06_l01",
      "front": "برای «RAG چیست و چه زمانی لازم است؟» مهم‌ترین اقدام عملی چیست؟",
      "back": "دادن منابع/متن بازیابی‌شده به مدل و الزام به پاسخ «با استناد» به همان منابع.\n\nیادآوری: RAG کیفیت فکت‌ها را بالا می‌برد، به شرطی که مدل مجبور باشد به منابع داده‌شده تکیه کند.",
      "tags": [
        "RAG",
        "داده"
      ]
    },
    {
      "id": "fc_m06_l02_01",
      "lessonId": "m06_l02",
      "front": "برای «طراحی پرس‌وجو (Query) برای بازیابی بهتر» مهم‌ترین اقدام عملی چیست؟",
      "back": "شفاف‌کردن هدف + تعیین فرمت خروجی + افزودن معیار پذیرش.\n\nیادآوری: سه‌گانه‌ی هدف/فرمت/معیار ساده‌ترین راه برای بالا بردن کیفیت است.",
      "tags": [
        "بازیابی",
        "پرس‌وجو"
      ]
    },
    {
      "id": "fc_m06_l03_01",
      "lessonId": "m06_l03",
      "front": "برای «Chunking و رتبه‌بندی نتایج (مفهومی)» مهم‌ترین اقدام عملی چیست؟",
      "back": "دادن منابع/متن بازیابی‌شده به مدل و الزام به پاسخ «با استناد» به همان منابع.\n\nیادآوری: RAG کیفیت فکت‌ها را بالا می‌برد، به شرطی که مدل مجبور باشد به منابع داده‌شده تکیه کند.",
      "tags": [
        "chunk",
        "رتبه"
      ]
    },
    {
      "id": "fc_m06_l04_01",
      "lessonId": "m06_l04",
      "front": "برای «الگوی پاسخ با استناد (citation)» مهم‌ترین اقدام عملی چیست؟",
      "back": "دادن منابع/متن بازیابی‌شده به مدل و الزام به پاسخ «با استناد» به همان منابع.\n\nیادآوری: RAG کیفیت فکت‌ها را بالا می‌برد، به شرطی که مدل مجبور باشد به منابع داده‌شده تکیه کند.",
      "tags": [
        "استناد",
        "منبع"
      ]
    },
    {
      "id": "fc_m06_l05_01",
      "lessonId": "m06_l05",
      "front": "برای «طراحی ابزار (Tool) و دستورالعمل استفاده» مهم‌ترین اقدام عملی چیست؟",
      "back": "تعریف دقیق ابزارها (ورودی/خروجی) و نوشتن دستورالعمل استفاده در قالب مرحله‌ای.\n\nیادآوری: وقتی ابزارها شفاف تعریف شوند، مدل کمتر حدس می‌زند و درست‌تر اقدام می‌کند.",
      "tags": [
        "ابزار",
        "API"
      ]
    },
    {
      "id": "fc_m06_l06_01",
      "lessonId": "m06_l06",
      "front": "برای «Agentها: حلقه هدف/اقدام/بازخورد» مهم‌ترین اقدام عملی چیست؟",
      "back": "تعریف دقیق ابزارها (ورودی/خروجی) و نوشتن دستورالعمل استفاده در قالب مرحله‌ای.\n\nیادآوری: وقتی ابزارها شفاف تعریف شوند، مدل کمتر حدس می‌زند و درست‌تر اقدام می‌کند.",
      "tags": [
        "عامل",
        "حلقه"
      ]
    },
    {
      "id": "fc_m06_l07_01",
      "lessonId": "m06_l07",
      "front": "برای «امنیت در RAG و ابزارها» مهم‌ترین اقدام عملی چیست؟",
      "back": "دادن منابع/متن بازیابی‌شده به مدل و الزام به پاسخ «با استناد» به همان منابع.\n\nیادآوری: RAG کیفیت فکت‌ها را بالا می‌برد، به شرطی که مدل مجبور باشد به منابع داده‌شده تکیه کند.",
      "tags": [
        "امنیت",
        "RAG"
      ]
    },
    {
      "id": "fc_m06_l08_01",
      "lessonId": "m06_l08",
      "front": "برای «پروژه: ساخت دستیار تحقیق با RAG (مفهومی)» مهم‌ترین اقدام عملی چیست؟",
      "back": "دادن منابع/متن بازیابی‌شده به مدل و الزام به پاسخ «با استناد» به همان منابع.\n\nیادآوری: RAG کیفیت فکت‌ها را بالا می‌برد، به شرطی که مدل مجبور باشد به منابع داده‌شده تکیه کند.",
      "tags": [
        "پروژه",
        "تحقیق"
      ]
    },
    {
      "id": "fc_m07_l01_01",
      "lessonId": "m07_l01",
      "front": "برای «درخواست کد قابل اجرا: ورودی/خروجی/تست» مهم‌ترین اقدام عملی چیست؟",
      "back": "شفاف‌کردن هدف + تعیین فرمت خروجی + افزودن معیار پذیرش.\n\nیادآوری: سه‌گانه‌ی هدف/فرمت/معیار ساده‌ترین راه برای بالا بردن کیفیت است.",
      "tags": [
        "کدنویسی",
        "تست"
      ]
    },
    {
      "id": "fc_m07_l02_01",
      "lessonId": "m07_l02",
      "front": "برای «دیباگ: گزارش خطا و حداقل بازتولید» مهم‌ترین اقدام عملی چیست؟",
      "back": "شفاف‌کردن هدف + تعیین فرمت خروجی + افزودن معیار پذیرش.\n\nیادآوری: سه‌گانه‌ی هدف/فرمت/معیار ساده‌ترین راه برای بالا بردن کیفیت است.",
      "tags": [
        "دیباگ",
        "کد"
      ]
    },
    {
      "id": "fc_m07_l03_01",
      "lessonId": "m07_l03",
      "front": "برای «کد تمیز: معیارها و style» مهم‌ترین اقدام عملی چیست؟",
      "back": "ساخت یک Style Guide کوتاه (لحن، واژه‌های مجاز/غیرمجاز، مثال) و الزام به رعایت آن.\n\nیادآوری: اگر لحن را تعریف نکنی، خروجی هر بار «یک جور» می‌شود.",
      "tags": [
        "استایل",
        "خوانایی"
      ]
    },
    {
      "id": "fc_m07_l04_01",
      "lessonId": "m07_l04",
      "front": "برای «ریویو کد: چک‌لیست امنیت و کیفیت» مهم‌ترین اقدام عملی چیست؟",
      "back": "شفاف‌کردن هدف + تعیین فرمت خروجی + افزودن معیار پذیرش.\n\nیادآوری: سه‌گانه‌ی هدف/فرمت/معیار ساده‌ترین راه برای بالا بردن کیفیت است.",
      "tags": [
        "ریویو",
        "امنیت"
      ]
    },
    {
      "id": "fc_m07_l05_01",
      "lessonId": "m07_l05",
      "front": "برای «نوشتن تست: unit/integration (مفهومی)» مهم‌ترین اقدام عملی چیست؟",
      "back": "شفاف‌کردن هدف + تعیین فرمت خروجی + افزودن معیار پذیرش.\n\nیادآوری: سه‌گانه‌ی هدف/فرمت/معیار ساده‌ترین راه برای بالا بردن کیفیت است.",
      "tags": [
        "تست",
        "کنترل کیفیت"
      ]
    },
    {
      "id": "fc_m07_l06_01",
      "lessonId": "m07_l06",
      "front": "برای «رفکتور با محدودیت» مهم‌ترین اقدام عملی چیست؟",
      "back": "شفاف‌کردن هدف + تعیین فرمت خروجی + افزودن معیار پذیرش.\n\nیادآوری: سه‌گانه‌ی هدف/فرمت/معیار ساده‌ترین راه برای بالا بردن کیفیت است.",
      "tags": [
        "رفکتور",
        "قیود"
      ]
    },
    {
      "id": "fc_m07_l07_01",
      "lessonId": "m07_l07",
      "front": "برای «مستندسازی: README و ADR» مهم‌ترین اقدام عملی چیست؟",
      "back": "شفاف‌کردن هدف + تعیین فرمت خروجی + افزودن معیار پذیرش.\n\nیادآوری: سه‌گانه‌ی هدف/فرمت/معیار ساده‌ترین راه برای بالا بردن کیفیت است.",
      "tags": [
        "مستندات",
        "README"
      ]
    },
    {
      "id": "fc_m07_l08_01",
      "lessonId": "m07_l08",
      "front": "برای «پروژه: ساخت prompt برای PR description» مهم‌ترین اقدام عملی چیست؟",
      "back": "تقسیم اسکریپت به Hook → Problem → Solution → CTA و درخواست زمان‌بندی/صحنه‌ها.\n\nیادآوری: ساختار داستانی باعث می‌شود خروجی منسجم و قابل اجرا شود.",
      "tags": [
        "پروژه",
        "GitHub"
      ]
    },
    {
      "id": "fc_m08_l01_01",
      "lessonId": "m08_l01",
      "front": "برای «ایده‌پردازی کنترل‌شده» مهم‌ترین اقدام عملی چیست؟",
      "back": "شفاف‌کردن هدف + تعیین فرمت خروجی + افزودن معیار پذیرش.\n\nیادآوری: سه‌گانه‌ی هدف/فرمت/معیار ساده‌ترین راه برای بالا بردن کیفیت است.",
      "tags": [
        "ایده",
        "خلاقیت"
      ]
    },
    {
      "id": "fc_m08_l02_01",
      "lessonId": "m08_l02",
      "front": "برای «بازنویسی و بهبود متن» مهم‌ترین اقدام عملی چیست؟",
      "back": "شفاف‌کردن هدف + تعیین فرمت خروجی + افزودن معیار پذیرش.\n\nیادآوری: سه‌گانه‌ی هدف/فرمت/معیار ساده‌ترین راه برای بالا بردن کیفیت است.",
      "tags": [
        "بازنویسی",
        "ویرایش"
      ]
    },
    {
      "id": "fc_m08_l03_01",
      "lessonId": "m08_l03",
      "front": "برای «طراحی لحن برند» مهم‌ترین اقدام عملی چیست؟",
      "back": "شفاف‌کردن هدف + تعیین فرمت خروجی + افزودن معیار پذیرش.\n\nیادآوری: سه‌گانه‌ی هدف/فرمت/معیار ساده‌ترین راه برای بالا بردن کیفیت است.",
      "tags": [
        "برند",
        "لحن"
      ]
    },
    {
      "id": "fc_m08_l04_01",
      "lessonId": "m08_l04",
      "front": "برای «اسکریپت ویدئو و استوری‌بورد» مهم‌ترین اقدام عملی چیست؟",
      "back": "شفاف‌کردن هدف + تعیین فرمت خروجی + افزودن معیار پذیرش.\n\nیادآوری: سه‌گانه‌ی هدف/فرمت/معیار ساده‌ترین راه برای بالا بردن کیفیت است.",
      "tags": [
        "ویدئو",
        "اسکریپت"
      ]
    },
    {
      "id": "fc_m08_l05_01",
      "lessonId": "m08_l05",
      "front": "برای «SEO و ساختار مقاله» مهم‌ترین اقدام عملی چیست؟",
      "back": "تعریف ساختار H1/H2، کلمات کلیدی هدف و معیار خوانایی قبل از تولید متن.\n\nیادآوری: SEO خوب فقط کلمه کلیدی نیست؛ ساختار و نیت جستجو را هم باید مشخص کنی.",
      "tags": [
        "SEO",
        "مقاله"
      ]
    },
    {
      "id": "fc_m08_l06_01",
      "lessonId": "m08_l06",
      "front": "برای «کپی‌رایتینگ با روبریک» مهم‌ترین اقدام عملی چیست؟",
      "back": "شفاف‌کردن هدف + تعیین فرمت خروجی + افزودن معیار پذیرش.\n\nیادآوری: سه‌گانه‌ی هدف/فرمت/معیار ساده‌ترین راه برای بالا بردن کیفیت است.",
      "tags": [
        "تبلیغ",
        "رو بریک"
      ]
    },
    {
      "id": "fc_m08_l07_01",
      "lessonId": "m08_l07",
      "front": "برای «ترکیب خلاقیت و واقعیت: منبع‌خواهی» مهم‌ترین اقدام عملی چیست؟",
      "back": "شفاف‌کردن هدف + تعیین فرمت خروجی + افزودن معیار پذیرش.\n\nیادآوری: سه‌گانه‌ی هدف/فرمت/معیار ساده‌ترین راه برای بالا بردن کیفیت است.",
      "tags": [
        "منبع",
        "واقعیت"
      ]
    },
    {
      "id": "fc_m08_l08_01",
      "lessonId": "m08_l08",
      "front": "برای «پروژه: کمپین 7 روزه محتوا» مهم‌ترین اقدام عملی چیست؟",
      "back": "شفاف‌کردن هدف + تعیین فرمت خروجی + افزودن معیار پذیرش.\n\nیادآوری: سه‌گانه‌ی هدف/فرمت/معیار ساده‌ترین راه برای بالا بردن کیفیت است.",
      "tags": [
        "پروژه",
        "کمپین"
      ]
    },
    {
      "id": "fc_m09_l01_01",
      "lessonId": "m09_l01",
      "front": "برای «پرسیدن سوال درست (Problem framing)» مهم‌ترین اقدام عملی چیست؟",
      "back": "شفاف‌کردن هدف + تعیین فرمت خروجی + افزودن معیار پذیرش.\n\nیادآوری: سه‌گانه‌ی هدف/فرمت/معیار ساده‌ترین راه برای بالا بردن کیفیت است.",
      "tags": [
        "مسئله",
        "تحلیل"
      ]
    },
    {
      "id": "fc_m09_l02_01",
      "lessonId": "m09_l02",
      "front": "برای «ساخت جدول تصمیم (Decision matrix)» مهم‌ترین اقدام عملی چیست؟",
      "back": "ساخت ماتریس تصمیم: معیارها + وزن + امتیازدهی و محاسبه نتیجه.\n\nیادآوری: ماتریس تصمیم تحلیل را قابل دفاع و قابل مقایسه می‌کند.",
      "tags": [
        "تصمیم",
        "جدول"
      ]
    },
    {
      "id": "fc_m09_l03_01",
      "lessonId": "m09_l03",
      "front": "برای «تحلیل سناریو و حساسیت» مهم‌ترین اقدام عملی چیست؟",
      "back": "شفاف‌کردن هدف + تعیین فرمت خروجی + افزودن معیار پذیرش.\n\nیادآوری: سه‌گانه‌ی هدف/فرمت/معیار ساده‌ترین راه برای بالا بردن کیفیت است.",
      "tags": [
        "سناریو",
        "حساسیت"
      ]
    },
    {
      "id": "fc_m09_l04_01",
      "lessonId": "m09_l04",
      "front": "برای «استدلال با فرض‌ها و ریسک‌ها» مهم‌ترین اقدام عملی چیست؟",
      "back": "شفاف‌کردن هدف + تعیین فرمت خروجی + افزودن معیار پذیرش.\n\nیادآوری: سه‌گانه‌ی هدف/فرمت/معیار ساده‌ترین راه برای بالا بردن کیفیت است.",
      "tags": [
        "فرض",
        "ریسک"
      ]
    },
    {
      "id": "fc_m09_l05_01",
      "lessonId": "m09_l05",
      "front": "برای «خلاصه مدیریتی (Executive summary)» مهم‌ترین اقدام عملی چیست؟",
      "back": "شفاف‌کردن هدف + تعیین فرمت خروجی + افزودن معیار پذیرش.\n\nیادآوری: سه‌گانه‌ی هدف/فرمت/معیار ساده‌ترین راه برای بالا بردن کیفیت است.",
      "tags": [
        "مدیریتی",
        "خلاصه"
      ]
    },
    {
      "id": "fc_m09_l06_01",
      "lessonId": "m09_l06",
      "front": "برای «توصیه‌های عملیاتی (Actionable)» مهم‌ترین اقدام عملی چیست؟",
      "back": "اجرای دو نسخهٔ پرامپت روی یک دیتاست ثابت و مقایسه با روبریک یکسان.\n\nیادآوری: A/B یعنی تغییر را کنترل‌ شده تست کنی تا بدانی دقیقاً کدام نسخه بهتر است.",
      "tags": [
        "اقدام",
        "عملی"
      ]
    },
    {
      "id": "fc_m09_l07_01",
      "lessonId": "m09_l07",
      "front": "برای «پرهیز از سوگیری در تحلیل» مهم‌ترین اقدام عملی چیست؟",
      "back": "شفاف‌کردن هدف + تعیین فرمت خروجی + افزودن معیار پذیرش.\n\nیادآوری: سه‌گانه‌ی هدف/فرمت/معیار ساده‌ترین راه برای بالا بردن کیفیت است.",
      "tags": [
        "سوگیری",
        "تحلیل"
      ]
    },
    {
      "id": "fc_m09_l08_01",
      "lessonId": "m09_l08",
      "front": "برای «پروژه: تحلیل یک تصمیم واقعی» مهم‌ترین اقدام عملی چیست؟",
      "back": "شفاف‌کردن هدف + تعیین فرمت خروجی + افزودن معیار پذیرش.\n\nیادآوری: سه‌گانه‌ی هدف/فرمت/معیار ساده‌ترین راه برای بالا بردن کیفیت است.",
      "tags": [
        "پروژه",
        "کیس"
      ]
    },
    {
      "id": "fc_m10_l01_01",
      "lessonId": "m10_l01",
      "front": "برای «Prompt Injection چیست؟» مهم‌ترین اقدام عملی چیست؟",
      "back": "جداسازی «دستورها» از «داده» و افزودن قوانین ثابت + اعتبارسنجی خروجی.\n\nیادآوری: دفاع خوب یعنی مدل نتواند با داده‌ی ورودی، قوانین را دور بزند یا اطلاعات حساس را لو بدهد.",
      "tags": [
        "امنیت",
        "injection"
      ]
    },
    {
      "id": "fc_m10_l02_01",
      "lessonId": "m10_l02",
      "front": "برای «طراحی قوانین ثابت (Policy) در سیستم پرامپت» مهم‌ترین اقدام عملی چیست؟",
      "back": "جداسازی «دستورها» از «داده» و افزودن قوانین ثابت + اعتبارسنجی خروجی.\n\nیادآوری: دفاع خوب یعنی مدل نتواند با داده‌ی ورودی، قوانین را دور بزند یا اطلاعات حساس را لو بدهد.",
      "tags": [
        "policy",
        "قانون"
      ]
    },
    {
      "id": "fc_m10_l03_01",
      "lessonId": "m10_l03",
      "front": "برای «فیلتر داده حساس و PII» مهم‌ترین اقدام عملی چیست؟",
      "back": "جداسازی «دستورها» از «داده» و افزودن قوانین ثابت + اعتبارسنجی خروجی.\n\nیادآوری: دفاع خوب یعنی مدل نتواند با داده‌ی ورودی، قوانین را دور بزند یا اطلاعات حساس را لو بدهد.",
      "tags": [
        "حریم خصوصی",
        "PII"
      ]
    },
    {
      "id": "fc_m10_l04_01",
      "lessonId": "m10_l04",
      "front": "برای «کاهش ریسک دستورهای خطرناک» مهم‌ترین اقدام عملی چیست؟",
      "back": "شفاف‌کردن هدف + تعیین فرمت خروجی + افزودن معیار پذیرش.\n\nیادآوری: سه‌گانه‌ی هدف/فرمت/معیار ساده‌ترین راه برای بالا بردن کیفیت است.",
      "tags": [
        "ایمنی",
        "ریسک"
      ]
    },
    {
      "id": "fc_m10_l05_01",
      "lessonId": "m10_l05",
      "front": "برای «جداسازی داده و دستور» مهم‌ترین اقدام عملی چیست؟",
      "back": "شفاف‌کردن هدف + تعیین فرمت خروجی + افزودن معیار پذیرش.\n\nیادآوری: سه‌گانه‌ی هدف/فرمت/معیار ساده‌ترین راه برای بالا بردن کیفیت است.",
      "tags": [
        "داده",
        "دستور"
      ]
    },
    {
      "id": "fc_m10_l06_01",
      "lessonId": "m10_l06",
      "front": "برای «اعتبارسنجی خروجی قبل از اجرا» مهم‌ترین اقدام عملی چیست؟",
      "back": "شفاف‌کردن هدف + تعیین فرمت خروجی + افزودن معیار پذیرش.\n\nیادآوری: سه‌گانه‌ی هدف/فرمت/معیار ساده‌ترین راه برای بالا بردن کیفیت است.",
      "tags": [
        "اعتبارسنجی",
        "خروجی"
      ]
    },
    {
      "id": "fc_m10_l07_01",
      "lessonId": "m10_l07",
      "front": "برای «ثبت لاگ و مانیتورینگ خطا» مهم‌ترین اقدام عملی چیست؟",
      "back": "شفاف‌کردن هدف + تعیین فرمت خروجی + افزودن معیار پذیرش.\n\nیادآوری: سه‌گانه‌ی هدف/فرمت/معیار ساده‌ترین راه برای بالا بردن کیفیت است.",
      "tags": [
        "لاگ",
        "مانیتور"
      ]
    },
    {
      "id": "fc_m10_l08_01",
      "lessonId": "m10_l08",
      "front": "برای «پروژه: طراحی دفاع چندلایه» مهم‌ترین اقدام عملی چیست؟",
      "back": "شفاف‌کردن هدف + تعیین فرمت خروجی + افزودن معیار پذیرش.\n\nیادآوری: سه‌گانه‌ی هدف/فرمت/معیار ساده‌ترین راه برای بالا بردن کیفیت است.",
      "tags": [
        "پروژه",
        "امنیت"
      ]
    },
    {
      "id": "fc_m11_l01_01",
      "lessonId": "m11_l01",
      "front": "برای «شفافیت: نمایش محدودیت‌های AI» مهم‌ترین اقدام عملی چیست؟",
      "back": "شفاف‌کردن هدف + تعیین فرمت خروجی + افزودن معیار پذیرش.\n\nیادآوری: سه‌گانه‌ی هدف/فرمت/معیار ساده‌ترین راه برای بالا بردن کیفیت است.",
      "tags": [
        "UX",
        "شفافیت"
      ]
    },
    {
      "id": "fc_m11_l02_01",
      "lessonId": "m11_l02",
      "front": "برای «طراحی ورودی‌ها (فرم‌ها) برای کاهش خطا» مهم‌ترین اقدام عملی چیست؟",
      "back": "شفاف‌کردن هدف + تعیین فرمت خروجی + افزودن معیار پذیرش.\n\nیادآوری: سه‌گانه‌ی هدف/فرمت/معیار ساده‌ترین راه برای بالا بردن کیفیت است.",
      "tags": [
        "ورودی",
        "فرم"
      ]
    },
    {
      "id": "fc_m11_l03_01",
      "lessonId": "m11_l03",
      "front": "برای «نمایش خروجی: ساختار، highlight, citations» مهم‌ترین اقدام عملی چیست؟",
      "back": "دادن منابع/متن بازیابی‌شده به مدل و الزام به پاسخ «با استناد» به همان منابع.\n\nیادآوری: RAG کیفیت فکت‌ها را بالا می‌برد، به شرطی که مدل مجبور باشد به منابع داده‌شده تکیه کند.",
      "tags": [
        "خروجی",
        "UX"
      ]
    },
    {
      "id": "fc_m11_l04_01",
      "lessonId": "m11_l04",
      "front": "برای «بازخورد کاربر و اصلاح پاسخ» مهم‌ترین اقدام عملی چیست؟",
      "back": "شفاف‌کردن هدف + تعیین فرمت خروجی + افزودن معیار پذیرش.\n\nیادآوری: سه‌گانه‌ی هدف/فرمت/معیار ساده‌ترین راه برای بالا بردن کیفیت است.",
      "tags": [
        "بازخورد",
        "بهبود"
      ]
    },
    {
      "id": "fc_m11_l05_01",
      "lessonId": "m11_l05",
      "front": "برای «گیمیفیکیشن: امتیاز، سطح، استریک» مهم‌ترین اقدام عملی چیست؟",
      "back": "شفاف‌کردن هدف + تعیین فرمت خروجی + افزودن معیار پذیرش.\n\nیادآوری: سه‌گانه‌ی هدف/فرمت/معیار ساده‌ترین راه برای بالا بردن کیفیت است.",
      "tags": [
        "گیمیفیکیشن",
        "امتیاز"
      ]
    },
    {
      "id": "fc_m11_l06_01",
      "lessonId": "m11_l06",
      "front": "برای «آنالیتیکس آموزشی: چه چیزی جواب می‌دهد؟» مهم‌ترین اقدام عملی چیست؟",
      "back": "شفاف‌کردن هدف + تعیین فرمت خروجی + افزودن معیار پذیرش.\n\nیادآوری: سه‌گانه‌ی هدف/فرمت/معیار ساده‌ترین راه برای بالا بردن کیفیت است.",
      "tags": [
        "آنالیتیکس",
        "آموزش"
      ]
    },
    {
      "id": "fc_m11_l07_01",
      "lessonId": "m11_l07",
      "front": "برای «طراحی آفلاین/آنلاین و کش» مهم‌ترین اقدام عملی چیست؟",
      "back": "شفاف‌کردن هدف + تعیین فرمت خروجی + افزودن معیار پذیرش.\n\nیادآوری: سه‌گانه‌ی هدف/فرمت/معیار ساده‌ترین راه برای بالا بردن کیفیت است.",
      "tags": [
        "آفلاین",
        "کش"
      ]
    },
    {
      "id": "fc_m11_l08_01",
      "lessonId": "m11_l08",
      "front": "برای «پروژه: طراحی یک مسیر یادگیری شخصی» مهم‌ترین اقدام عملی چیست؟",
      "back": "شفاف‌کردن هدف + تعیین فرمت خروجی + افزودن معیار پذیرش.\n\nیادآوری: سه‌گانه‌ی هدف/فرمت/معیار ساده‌ترین راه برای بالا بردن کیفیت است.",
      "tags": [
        "پروژه",
        "مسیر"
      ]
    },
    {
      "id": "fc_m12_l01_01",
      "lessonId": "m12_l01",
      "front": "برای «نوشتن واضح: از ابهام تا شفافیت» مهم‌ترین اقدام عملی چیست؟",
      "back": "شفاف‌کردن هدف + تعیین فرمت خروجی + افزودن معیار پذیرش.\n\nیادآوری: سه‌گانه‌ی هدف/فرمت/معیار ساده‌ترین راه برای بالا بردن کیفیت است.",
      "tags": [
        "شفافیت",
        "نوشتن"
      ]
    },
    {
      "id": "fc_m12_l02_01",
      "lessonId": "m12_l02",
      "front": "برای «تفکر انتقادی و سوال‌های بهتر» مهم‌ترین اقدام عملی چیست؟",
      "back": "شفاف‌کردن هدف + تعیین فرمت خروجی + افزودن معیار پذیرش.\n\nیادآوری: سه‌گانه‌ی هدف/فرمت/معیار ساده‌ترین راه برای بالا بردن کیفیت است.",
      "tags": [
        "تفکر",
        "سوال"
      ]
    },
    {
      "id": "fc_m12_l03_01",
      "lessonId": "m12_l03",
      "front": "برای «مدیریت ادعا و شواهد» مهم‌ترین اقدام عملی چیست؟",
      "back": "شفاف‌کردن هدف + تعیین فرمت خروجی + افزودن معیار پذیرش.\n\nیادآوری: سه‌گانه‌ی هدف/فرمت/معیار ساده‌ترین راه برای بالا بردن کیفیت است.",
      "tags": [
        "شواهد",
        "ادعا"
      ]
    },
    {
      "id": "fc_m12_l04_01",
      "lessonId": "m12_l04",
      "front": "برای «یادگیری فعال: تمرین‌های متنوع» مهم‌ترین اقدام عملی چیست؟",
      "back": "شفاف‌کردن هدف + تعیین فرمت خروجی + افزودن معیار پذیرش.\n\nیادآوری: سه‌گانه‌ی هدف/فرمت/معیار ساده‌ترین راه برای بالا بردن کیفیت است.",
      "tags": [
        "تمرین",
        "یادگیری"
      ]
    },
    {
      "id": "fc_m12_l05_01",
      "lessonId": "m12_l05",
      "front": "برای «مدل ذهنی و قیاس» مهم‌ترین اقدام عملی چیست؟",
      "back": "شفاف‌کردن هدف + تعیین فرمت خروجی + افزودن معیار پذیرش.\n\nیادآوری: سه‌گانه‌ی هدف/فرمت/معیار ساده‌ترین راه برای بالا بردن کیفیت است.",
      "tags": [
        "مدل ذهنی",
        "قیاس"
      ]
    },
    {
      "id": "fc_m12_l06_01",
      "lessonId": "m12_l06",
      "front": "برای «تکنیک‌های خلاصه‌سازی» مهم‌ترین اقدام عملی چیست؟",
      "back": "شفاف‌کردن هدف + تعیین فرمت خروجی + افزودن معیار پذیرش.\n\nیادآوری: سه‌گانه‌ی هدف/فرمت/معیار ساده‌ترین راه برای بالا بردن کیفیت است.",
      "tags": [
        "خلاصه",
        "مهارت"
      ]
    },
    {
      "id": "fc_m12_l07_01",
      "lessonId": "m12_l07",
      "front": "برای «پرهیز از فریب زبانی» مهم‌ترین اقدام عملی چیست؟",
      "back": "شفاف‌کردن هدف + تعیین فرمت خروجی + افزودن معیار پذیرش.\n\nیادآوری: سه‌گانه‌ی هدف/فرمت/معیار ساده‌ترین راه برای بالا بردن کیفیت است.",
      "tags": [
        "فریب",
        "زبان"
      ]
    },
    {
      "id": "fc_m12_l08_01",
      "lessonId": "m12_l08",
      "front": "برای «پروژه: طراحی تمرین‌های مسابقه‌ای» مهم‌ترین اقدام عملی چیست؟",
      "back": "شفاف‌کردن هدف + تعیین فرمت خروجی + افزودن معیار پذیرش.\n\nیادآوری: سه‌گانه‌ی هدف/فرمت/معیار ساده‌ترین راه برای بالا بردن کیفیت است.",
      "tags": [
        "پروژه",
        "مسابقه"
      ]
    },
    {
      "id": "fc_m13_l01_01",
      "lessonId": "m13_l01",
      "front": "برای «کیس 1: ساخت دستیار مطالعه» مهم‌ترین اقدام عملی چیست؟",
      "back": "شفاف‌کردن هدف + تعیین فرمت خروجی + افزودن معیار پذیرش.\n\nیادآوری: سه‌گانه‌ی هدف/فرمت/معیار ساده‌ترین راه برای بالا بردن کیفیت است.",
      "tags": [
        "کیس",
        "مطالعه"
      ]
    },
    {
      "id": "fc_m13_l02_01",
      "lessonId": "m13_l02",
      "front": "برای «کیس 2: ساخت دستیار فروش» مهم‌ترین اقدام عملی چیست؟",
      "back": "شفاف‌کردن هدف + تعیین فرمت خروجی + افزودن معیار پذیرش.\n\nیادآوری: سه‌گانه‌ی هدف/فرمت/معیار ساده‌ترین راه برای بالا بردن کیفیت است.",
      "tags": [
        "کیس",
        "فروش"
      ]
    },
    {
      "id": "fc_m13_l03_01",
      "lessonId": "m13_l03",
      "front": "برای «کیس 3: ساخت دستیار تولید محتوا» مهم‌ترین اقدام عملی چیست؟",
      "back": "شفاف‌کردن هدف + تعیین فرمت خروجی + افزودن معیار پذیرش.\n\nیادآوری: سه‌گانه‌ی هدف/فرمت/معیار ساده‌ترین راه برای بالا بردن کیفیت است.",
      "tags": [
        "کیس",
        "محتوا"
      ]
    },
    {
      "id": "fc_m13_l04_01",
      "lessonId": "m13_l04",
      "front": "برای «کیس 4: ساخت دستیار کدنویسی» مهم‌ترین اقدام عملی چیست؟",
      "back": "شفاف‌کردن هدف + تعیین فرمت خروجی + افزودن معیار پذیرش.\n\nیادآوری: سه‌گانه‌ی هدف/فرمت/معیار ساده‌ترین راه برای بالا بردن کیفیت است.",
      "tags": [
        "کیس",
        "کدنویسی"
      ]
    },
    {
      "id": "fc_m13_l05_01",
      "lessonId": "m13_l05",
      "front": "برای «کیس 5: ساخت دستیار تحقیق» مهم‌ترین اقدام عملی چیست؟",
      "back": "شفاف‌کردن هدف + تعیین فرمت خروجی + افزودن معیار پذیرش.\n\nیادآوری: سه‌گانه‌ی هدف/فرمت/معیار ساده‌ترین راه برای بالا بردن کیفیت است.",
      "tags": [
        "کیس",
        "تحقیق"
      ]
    },
    {
      "id": "fc_m13_l06_01",
      "lessonId": "m13_l06",
      "front": "برای «کیس 6: ساخت دستیار تصمیم‌گیری» مهم‌ترین اقدام عملی چیست؟",
      "back": "شفاف‌کردن هدف + تعیین فرمت خروجی + افزودن معیار پذیرش.\n\nیادآوری: سه‌گانه‌ی هدف/فرمت/معیار ساده‌ترین راه برای بالا بردن کیفیت است.",
      "tags": [
        "کیس",
        "تصمیم"
      ]
    },
    {
      "id": "fc_m13_l07_01",
      "lessonId": "m13_l07",
      "front": "برای «کیس 7: طراحی سیاست و امنیت» مهم‌ترین اقدام عملی چیست؟",
      "back": "شفاف‌کردن هدف + تعیین فرمت خروجی + افزودن معیار پذیرش.\n\nیادآوری: سه‌گانه‌ی هدف/فرمت/معیار ساده‌ترین راه برای بالا بردن کیفیت است.",
      "tags": [
        "کیس",
        "امنیت"
      ]
    },
    {
      "id": "fc_m13_l08_01",
      "lessonId": "m13_l08",
      "front": "برای «کیس 8: ارائه نهایی و داوری» مهم‌ترین اقدام عملی چیست؟",
      "back": "شفاف‌کردن هدف + تعیین فرمت خروجی + افزودن معیار پذیرش.\n\nیادآوری: سه‌گانه‌ی هدف/فرمت/معیار ساده‌ترین راه برای بالا بردن کیفیت است.",
      "tags": [
        "ارائه",
        "داوری"
      ]
    },
    {
      "id": "fc_m14_l01_01",
      "lessonId": "m14_l01",
      "front": "برای «تعریف KPI برای پرامپت» مهم‌ترین اقدام عملی چیست؟",
      "back": "شفاف‌کردن هدف + تعیین فرمت خروجی + افزودن معیار پذیرش.\n\nیادآوری: سه‌گانه‌ی هدف/فرمت/معیار ساده‌ترین راه برای بالا بردن کیفیت است.",
      "tags": [
        "KPI",
        "معیار"
      ]
    },
    {
      "id": "fc_m14_l02_01",
      "lessonId": "m14_l02",
      "front": "برای «ساخت بنچمارک کوچک شخصی» مهم‌ترین اقدام عملی چیست؟",
      "back": "شفاف‌کردن هدف + تعیین فرمت خروجی + افزودن معیار پذیرش.\n\nیادآوری: سه‌گانه‌ی هدف/فرمت/معیار ساده‌ترین راه برای بالا بردن کیفیت است.",
      "tags": [
        "بنچمارک",
        "شخصی"
      ]
    },
    {
      "id": "fc_m14_l03_01",
      "lessonId": "m14_l03",
      "front": "برای «مقایسه با بهترین‌ها: تحلیل نمونه‌ها» مهم‌ترین اقدام عملی چیست؟",
      "back": "شفاف‌کردن هدف + تعیین فرمت خروجی + افزودن معیار پذیرش.\n\nیادآوری: سه‌گانه‌ی هدف/فرمت/معیار ساده‌ترین راه برای بالا بردن کیفیت است.",
      "tags": [
        "تحلیل",
        "نمونه"
      ]
    },
    {
      "id": "fc_m14_l04_01",
      "lessonId": "m14_l04",
      "front": "برای «بهینه‌سازی برای سرعت/هزینه/کیفیت» مهم‌ترین اقدام عملی چیست؟",
      "back": "شفاف‌کردن هدف + تعیین فرمت خروجی + افزودن معیار پذیرش.\n\nیادآوری: سه‌گانه‌ی هدف/فرمت/معیار ساده‌ترین راه برای بالا بردن کیفیت است.",
      "tags": [
        "بهینه‌سازی",
        "هزینه"
      ]
    },
    {
      "id": "fc_m14_l05_01",
      "lessonId": "m14_l05",
      "front": "برای «تجربه داور: چه چیزی امتیاز می‌آورد؟» مهم‌ترین اقدام عملی چیست؟",
      "back": "شفاف‌کردن هدف + تعیین فرمت خروجی + افزودن معیار پذیرش.\n\nیادآوری: سه‌گانه‌ی هدف/فرمت/معیار ساده‌ترین راه برای بالا بردن کیفیت است.",
      "tags": [
        "داوری",
        "امتیاز"
      ]
    },
    {
      "id": "fc_m14_l06_01",
      "lessonId": "m14_l06",
      "front": "برای «مستندسازی و reproducibility» مهم‌ترین اقدام عملی چیست؟",
      "back": "شفاف‌کردن هدف + تعیین فرمت خروجی + افزودن معیار پذیرش.\n\nیادآوری: سه‌گانه‌ی هدف/فرمت/معیار ساده‌ترین راه برای بالا بردن کیفیت است.",
      "tags": [
        "تکرارپذیری",
        "مستند"
      ]
    },
    {
      "id": "fc_m14_l07_01",
      "lessonId": "m14_l07",
      "front": "برای «Demo حرفه‌ای: اسکریپت ارائه» مهم‌ترین اقدام عملی چیست؟",
      "back": "شفاف‌کردن هدف + تعیین فرمت خروجی + افزودن معیار پذیرش.\n\nیادآوری: سه‌گانه‌ی هدف/فرمت/معیار ساده‌ترین راه برای بالا بردن کیفیت است.",
      "tags": [
        "دمو",
        "ارائه"
      ]
    },
    {
      "id": "fc_m14_l08_01",
      "lessonId": "m14_l08",
      "front": "برای «پروژه: ساخت پرونده مسابقه» مهم‌ترین اقدام عملی چیست؟",
      "back": "شفاف‌کردن هدف + تعیین فرمت خروجی + افزودن معیار پذیرش.\n\nیادآوری: سه‌گانه‌ی هدف/فرمت/معیار ساده‌ترین راه برای بالا بردن کیفیت است.",
      "tags": [
        "پروژه",
        "پرونده"
      ]
    },
    {
      "id": "fc_m15_l01_01",
      "lessonId": "m15_l01",
      "front": "برای «مقالات پایه ترنسفورمر و LLM» مهم‌ترین اقدام عملی چیست؟",
      "back": "شفاف‌کردن هدف + تعیین فرمت خروجی + افزودن معیار پذیرش.\n\nیادآوری: سه‌گانه‌ی هدف/فرمت/معیار ساده‌ترین راه برای بالا بردن کیفیت است.",
      "tags": [
        "مقاله",
        "پایه"
      ]
    },
    {
      "id": "fc_m15_l02_01",
      "lessonId": "m15_l02",
      "front": "برای «Instruction tuning و RLHF» مهم‌ترین اقدام عملی چیست؟",
      "back": "شفاف‌کردن هدف + تعیین فرمت خروجی + افزودن معیار پذیرش.\n\nیادآوری: سه‌گانه‌ی هدف/فرمت/معیار ساده‌ترین راه برای بالا بردن کیفیت است.",
      "tags": [
        "RLHF",
        "alignment"
      ]
    },
    {
      "id": "fc_m15_l03_01",
      "lessonId": "m15_l03",
      "front": "برای «Chain-of-Thought و reasoning» مهم‌ترین اقدام عملی چیست؟",
      "back": "شفاف‌کردن هدف + تعیین فرمت خروجی + افزودن معیار پذیرش.\n\nیادآوری: سه‌گانه‌ی هدف/فرمت/معیار ساده‌ترین راه برای بالا بردن کیفیت است.",
      "tags": [
        "reasoning",
        "CoT"
      ]
    },
    {
      "id": "fc_m15_l04_01",
      "lessonId": "m15_l04",
      "front": "برای «RAG و Retrieval» مهم‌ترین اقدام عملی چیست؟",
      "back": "دادن منابع/متن بازیابی‌شده به مدل و الزام به پاسخ «با استناد» به همان منابع.\n\nیادآوری: RAG کیفیت فکت‌ها را بالا می‌برد، به شرطی که مدل مجبور باشد به منابع داده‌شده تکیه کند.",
      "tags": [
        "RAG",
        "retrieval"
      ]
    },
    {
      "id": "fc_m15_l05_01",
      "lessonId": "m15_l05",
      "front": "برای «Agentها و Tool use» مهم‌ترین اقدام عملی چیست؟",
      "back": "تعریف دقیق ابزارها (ورودی/خروجی) و نوشتن دستورالعمل استفاده در قالب مرحله‌ای.\n\nیادآوری: وقتی ابزارها شفاف تعریف شوند، مدل کمتر حدس می‌زند و درست‌تر اقدام می‌کند.",
      "tags": [
        "عامل",
        "ابزار"
      ]
    },
    {
      "id": "fc_m15_l06_01",
      "lessonId": "m15_l06",
      "front": "برای «Evaluation و Benchmarks» مهم‌ترین اقدام عملی چیست؟",
      "back": "تعریف روبریک عددی (مثلاً ۵ معیار × ۰ تا ۲) و تست‌کیس‌های مشخص.\n\nیادآوری: بدون روبریک، «بهتر شدن» قابل سنجش نیست و کیفیت ناپایدار می‌ماند.",
      "tags": [
        "evaluation",
        "benchmark"
      ]
    },
    {
      "id": "fc_m15_l07_01",
      "lessonId": "m15_l07",
      "front": "برای «امنیت و Prompt Injection» مهم‌ترین اقدام عملی چیست؟",
      "back": "جداسازی «دستورها» از «داده» و افزودن قوانین ثابت + اعتبارسنجی خروجی.\n\nیادآوری: دفاع خوب یعنی مدل نتواند با داده‌ی ورودی، قوانین را دور بزند یا اطلاعات حساس را لو بدهد.",
      "tags": [
        "security",
        "injection"
      ]
    },
    {
      "id": "fc_m15_l08_01",
      "lessonId": "m15_l08",
      "front": "برای «مسیر مطالعه 30 روزه» مهم‌ترین اقدام عملی چیست؟",
      "back": "شفاف‌کردن هدف + تعیین فرمت خروجی + افزودن معیار پذیرش.\n\nیادآوری: سه‌گانه‌ی هدف/فرمت/معیار ساده‌ترین راه برای بالا بردن کیفیت است.",
      "tags": [
        "برنامه",
        "مسیر"
      ]
    },
    {
      "id": "fc_m16_l01_01",
      "lessonId": "m16_l01",
      "front": "برای «چک‌لیست نهایی مهندس پرامپت» مهم‌ترین اقدام عملی چیست؟",
      "back": "شفاف‌کردن هدف + تعیین فرمت خروجی + افزودن معیار پذیرش.\n\nیادآوری: سه‌گانه‌ی هدف/فرمت/معیار ساده‌ترین راه برای بالا بردن کیفیت است.",
      "tags": [
        "چک‌لیست",
        "نهایی"
      ]
    },
    {
      "id": "fc_m16_l02_01",
      "lessonId": "m16_l02",
      "front": "برای «ساخت پورتفولیو پرامپت» مهم‌ترین اقدام عملی چیست؟",
      "back": "شفاف‌کردن هدف + تعیین فرمت خروجی + افزودن معیار پذیرش.\n\nیادآوری: سه‌گانه‌ی هدف/فرمت/معیار ساده‌ترین راه برای بالا بردن کیفیت است.",
      "tags": [
        "پورتفولیو",
        "نمونه"
      ]
    },
    {
      "id": "fc_m16_l03_01",
      "lessonId": "m16_l03",
      "front": "برای «کار تیمی: استانداردسازی پرامپت‌ها» مهم‌ترین اقدام عملی چیست؟",
      "back": "شفاف‌کردن هدف + تعیین فرمت خروجی + افزودن معیار پذیرش.\n\nیادآوری: سه‌گانه‌ی هدف/فرمت/معیار ساده‌ترین راه برای بالا بردن کیفیت است.",
      "tags": [
        "تیم",
        "استاندارد"
      ]
    },
    {
      "id": "fc_m16_l04_01",
      "lessonId": "m16_l04",
      "front": "برای «فرآیند بهبود مستمر» مهم‌ترین اقدام عملی چیست؟",
      "back": "شفاف‌کردن هدف + تعیین فرمت خروجی + افزودن معیار پذیرش.\n\nیادآوری: سه‌گانه‌ی هدف/فرمت/معیار ساده‌ترین راه برای بالا بردن کیفیت است.",
      "tags": [
        "بهبود",
        "مستمر"
      ]
    },
    {
      "id": "fc_m16_l05_01",
      "lessonId": "m16_l05",
      "front": "برای «ساخت ابزار شخصی: پرامپت‌بوک» مهم‌ترین اقدام عملی چیست؟",
      "back": "جمع‌آوری پرامپت‌ها با: هدف، ورودی نمونه، خروجی نمونه، روبریک و نسخه‌بندی.\n\nیادآوری: پورتفولیو یعنی نشان بدهی «قابل تکرار» خروجی می‌گیری، نه فقط یک مثال خوش‌شانس.",
      "tags": [
        "ابزار",
        "promptbook"
      ]
    },
    {
      "id": "fc_m16_l06_01",
      "lessonId": "m16_l06",
      "front": "برای «مسیر شغلی و مهارت‌های مکمل» مهم‌ترین اقدام عملی چیست؟",
      "back": "شفاف‌کردن هدف + تعیین فرمت خروجی + افزودن معیار پذیرش.\n\nیادآوری: سه‌گانه‌ی هدف/فرمت/معیار ساده‌ترین راه برای بالا بردن کیفیت است.",
      "tags": [
        "شغل",
        "مهارت"
      ]
    },
    {
      "id": "fc_m16_l07_01",
      "lessonId": "m16_l07",
      "front": "برای «آمادگی مصاحبه و آزمون» مهم‌ترین اقدام عملی چیست؟",
      "back": "شفاف‌کردن هدف + تعیین فرمت خروجی + افزودن معیار پذیرش.\n\nیادآوری: سه‌گانه‌ی هدف/فرمت/معیار ساده‌ترین راه برای بالا بردن کیفیت است.",
      "tags": [
        "مصاحبه",
        "آزمون"
      ]
    },
    {
      "id": "fc_m16_l08_01",
      "lessonId": "m16_l08",
      "front": "برای «پروژه نهایی: محصول مسابقه‌ای» مهم‌ترین اقدام عملی چیست؟",
      "back": "شفاف‌کردن هدف + تعیین فرمت خروجی + افزودن معیار پذیرش.\n\nیادآوری: سه‌گانه‌ی هدف/فرمت/معیار ساده‌ترین راه برای بالا بردن کیفیت است.",
      "tags": [
        "پروژه",
        "نهایی"
      ]
    }
  ]
}