{
  "version": 1,
  "language": "fa",
  "modules": [
    {
      "id": "m01",
      "title": "ماژول 1: مبانی و ذهنیت",
      "summary": "درس‌های هدفمند با تمرین، روبریک، و مثال‌های خوب/بد.",
      "lessons": [
        {
          "id": "m01_l01",
          "title": "ماژول 1: مبانی و ذهنیت — درس 1",
          "level": "beginner",
          "minutes": 12,
          "tags": [
            "ارزیابی",
            "Agent",
            "دیباگ"
          ],
          "prereq": []
        },
        {
          "id": "m01_l02",
          "title": "ماژول 1: مبانی و ذهنیت — درس 2",
          "level": "beginner",
          "minutes": 14,
          "tags": [
            "دیباگ",
            "قالب خروجی",
            "ارزیابی"
          ],
          "prereq": []
        },
        {
          "id": "m01_l03",
          "title": "ماژول 1: مبانی و ذهنیت — درس 3",
          "level": "beginner",
          "minutes": 16,
          "tags": [
            "دیباگ",
            "RAG",
            "قالب خروجی"
          ],
          "prereq": []
        },
        {
          "id": "m01_l04",
          "title": "ماژول 1: مبانی و ذهنیت — درس 4",
          "level": "beginner",
          "minutes": 18,
          "tags": [
            "قالب خروجی",
            "دیباگ",
            "امنیت"
          ],
          "prereq": []
        },
        {
          "id": "m01_l05",
          "title": "ماژول 1: مبانی و ذهنیت — درس 5",
          "level": "beginner",
          "minutes": 20,
          "tags": [
            "دیباگ",
            "ساختار",
            "ارزیابی"
          ],
          "prereq": []
        },
        {
          "id": "m01_l06",
          "title": "ماژول 1: مبانی و ذهنیت — درس 6",
          "level": "beginner",
          "minutes": 22,
          "tags": [
            "قالب خروجی",
            "کد",
            "داده"
          ],
          "prereq": []
        },
        {
          "id": "m01_l07",
          "title": "ماژول 1: مبانی و ذهنیت — درس 7",
          "level": "beginner",
          "minutes": 24,
          "tags": [
            "امنیت",
            "چندمرحله‌ای",
            "کد"
          ],
          "prereq": []
        },
        {
          "id": "m01_l08",
          "title": "ماژول 1: مبانی و ذهنیت — درس 8",
          "level": "beginner",
          "minutes": 26,
          "tags": [
            "داده",
            "Agent",
            "دیباگ"
          ],
          "prereq": []
        }
      ]
    },
    {
      "id": "m02",
      "title": "ماژول 2: ساختاردهی پرامپت",
      "summary": "درس‌های هدفمند با تمرین، روبریک، و مثال‌های خوب/بد.",
      "lessons": [
        {
          "id": "m02_l01",
          "title": "ماژول 2: ساختاردهی پرامپت — درس 1",
          "level": "beginner",
          "minutes": 12,
          "tags": [
            "داده",
            "Agent",
            "امنیت"
          ],
          "prereq": [
            "m01_l08"
          ]
        },
        {
          "id": "m02_l02",
          "title": "ماژول 2: ساختاردهی پرامپت — درس 2",
          "level": "beginner",
          "minutes": 14,
          "tags": [
            "ساختار",
            "داده",
            "ارزیابی"
          ],
          "prereq": []
        },
        {
          "id": "m02_l03",
          "title": "ماژول 2: ساختاردهی پرامپت — درس 3",
          "level": "beginner",
          "minutes": 16,
          "tags": [
            "دیباگ",
            "داده",
            "ارزیابی"
          ],
          "prereq": []
        },
        {
          "id": "m02_l04",
          "title": "ماژول 2: ساختاردهی پرامپت — درس 4",
          "level": "beginner",
          "minutes": 18,
          "tags": [
            "RAG",
            "Agent",
            "دیباگ"
          ],
          "prereq": []
        },
        {
          "id": "m02_l05",
          "title": "ماژول 2: ساختاردهی پرامپت — درس 5",
          "level": "beginner",
          "minutes": 20,
          "tags": [
            "ساختار",
            "کد",
            "قالب خروجی"
          ],
          "prereq": []
        },
        {
          "id": "m02_l06",
          "title": "ماژول 2: ساختاردهی پرامپت — درس 6",
          "level": "beginner",
          "minutes": 22,
          "tags": [
            "RAG",
            "ساختار",
            "امنیت"
          ],
          "prereq": []
        },
        {
          "id": "m02_l07",
          "title": "ماژول 2: ساختاردهی پرامپت — درس 7",
          "level": "beginner",
          "minutes": 24,
          "tags": [
            "چندمرحله‌ای",
            "ارزیابی",
            "قالب خروجی"
          ],
          "prereq": []
        },
        {
          "id": "m02_l08",
          "title": "ماژول 2: ساختاردهی پرامپت — درس 8",
          "level": "beginner",
          "minutes": 26,
          "tags": [
            "RAG",
            "ساختار",
            "قالب خروجی"
          ],
          "prereq": []
        }
      ]
    },
    {
      "id": "m03",
      "title": "ماژول 3: Examples و Few-shot",
      "summary": "درس‌های هدفمند با تمرین، روبریک، و مثال‌های خوب/بد.",
      "lessons": [
        {
          "id": "m03_l01",
          "title": "ماژول 3: Examples و Few-shot — درس 1",
          "level": "beginner",
          "minutes": 12,
          "tags": [
            "امنیت",
            "ارزیابی",
            "چندمرحله‌ای"
          ],
          "prereq": [
            "m02_l08"
          ]
        },
        {
          "id": "m03_l02",
          "title": "ماژول 3: Examples و Few-shot — درس 2",
          "level": "beginner",
          "minutes": 14,
          "tags": [
            "چندمرحله‌ای",
            "قالب خروجی",
            "داده"
          ],
          "prereq": []
        },
        {
          "id": "m03_l03",
          "title": "ماژول 3: Examples و Few-shot — درس 3",
          "level": "beginner",
          "minutes": 16,
          "tags": [
            "RAG",
            "قالب خروجی",
            "داده"
          ],
          "prereq": []
        },
        {
          "id": "m03_l04",
          "title": "ماژول 3: Examples و Few-shot — درس 4",
          "level": "beginner",
          "minutes": 18,
          "tags": [
            "دیباگ",
            "قالب خروجی",
            "کد"
          ],
          "prereq": []
        },
        {
          "id": "m03_l05",
          "title": "ماژول 3: Examples و Few-shot — درس 5",
          "level": "beginner",
          "minutes": 20,
          "tags": [
            "داده",
            "Agent",
            "کد"
          ],
          "prereq": []
        },
        {
          "id": "m03_l06",
          "title": "ماژول 3: Examples و Few-shot — درس 6",
          "level": "beginner",
          "minutes": 22,
          "tags": [
            "دیباگ",
            "داده",
            "قالب خروجی"
          ],
          "prereq": []
        },
        {
          "id": "m03_l07",
          "title": "ماژول 3: Examples و Few-shot — درس 7",
          "level": "beginner",
          "minutes": 24,
          "tags": [
            "RAG",
            "ارزیابی",
            "داده"
          ],
          "prereq": []
        },
        {
          "id": "m03_l08",
          "title": "ماژول 3: Examples و Few-shot — درس 8",
          "level": "beginner",
          "minutes": 26,
          "tags": [
            "Agent",
            "دیباگ",
            "چندمرحله‌ای"
          ],
          "prereq": []
        }
      ]
    },
    {
      "id": "m04",
      "title": "ماژول 4: ارزیابی و معیارها",
      "summary": "درس‌های هدفمند با تمرین، روبریک، و مثال‌های خوب/بد.",
      "lessons": [
        {
          "id": "m04_l01",
          "title": "ماژول 4: ارزیابی و معیارها — درس 1",
          "level": "beginner",
          "minutes": 12,
          "tags": [
            "Agent",
            "RAG",
            "ارزیابی"
          ],
          "prereq": [
            "m03_l08"
          ]
        },
        {
          "id": "m04_l02",
          "title": "ماژول 4: ارزیابی و معیارها — درس 2",
          "level": "beginner",
          "minutes": 14,
          "tags": [
            "Agent",
            "دیباگ",
            "ساختار"
          ],
          "prereq": []
        },
        {
          "id": "m04_l03",
          "title": "ماژول 4: ارزیابی و معیارها — درس 3",
          "level": "beginner",
          "minutes": 16,
          "tags": [
            "قالب خروجی",
            "امنیت",
            "چندمرحله‌ای"
          ],
          "prereq": []
        },
        {
          "id": "m04_l04",
          "title": "ماژول 4: ارزیابی و معیارها — درس 4",
          "level": "beginner",
          "minutes": 18,
          "tags": [
            "ارزیابی",
            "ساختار",
            "RAG"
          ],
          "prereq": []
        },
        {
          "id": "m04_l05",
          "title": "ماژول 4: ارزیابی و معیارها — درس 5",
          "level": "beginner",
          "minutes": 20,
          "tags": [
            "قالب خروجی",
            "چندمرحله‌ای",
            "ارزیابی"
          ],
          "prereq": []
        },
        {
          "id": "m04_l06",
          "title": "ماژول 4: ارزیابی و معیارها — درس 6",
          "level": "beginner",
          "minutes": 22,
          "tags": [
            "چندمرحله‌ای",
            "دیباگ",
            "کد"
          ],
          "prereq": []
        },
        {
          "id": "m04_l07",
          "title": "ماژول 4: ارزیابی و معیارها — درس 7",
          "level": "beginner",
          "minutes": 24,
          "tags": [
            "دیباگ",
            "داده",
            "ساختار"
          ],
          "prereq": []
        },
        {
          "id": "m04_l08",
          "title": "ماژول 4: ارزیابی و معیارها — درس 8",
          "level": "beginner",
          "minutes": 26,
          "tags": [
            "ارزیابی",
            "کد",
            "قالب خروجی"
          ],
          "prereq": []
        }
      ]
    },
    {
      "id": "m05",
      "title": "ماژول 5: دیباگ پرامپت",
      "summary": "درس‌های هدفمند با تمرین، روبریک، و مثال‌های خوب/بد.",
      "lessons": [
        {
          "id": "m05_l01",
          "title": "ماژول 5: دیباگ پرامپت — درس 1",
          "level": "beginner",
          "minutes": 12,
          "tags": [
            "RAG",
            "چندمرحله‌ای",
            "ارزیابی"
          ],
          "prereq": [
            "m04_l08"
          ]
        },
        {
          "id": "m05_l02",
          "title": "ماژول 5: دیباگ پرامپت — درس 2",
          "level": "beginner",
          "minutes": 14,
          "tags": [
            "ساختار",
            "دیباگ",
            "داده"
          ],
          "prereq": []
        },
        {
          "id": "m05_l03",
          "title": "ماژول 5: دیباگ پرامپت — درس 3",
          "level": "beginner",
          "minutes": 16,
          "tags": [
            "امنیت",
            "RAG",
            "ساختار"
          ],
          "prereq": []
        },
        {
          "id": "m05_l04",
          "title": "ماژول 5: دیباگ پرامپت — درس 4",
          "level": "beginner",
          "minutes": 18,
          "tags": [
            "ارزیابی",
            "کد",
            "داده"
          ],
          "prereq": []
        },
        {
          "id": "m05_l05",
          "title": "ماژول 5: دیباگ پرامپت — درس 5",
          "level": "beginner",
          "minutes": 20,
          "tags": [
            "امنیت",
            "ارزیابی",
            "RAG"
          ],
          "prereq": []
        },
        {
          "id": "m05_l06",
          "title": "ماژول 5: دیباگ پرامپت — درس 6",
          "level": "beginner",
          "minutes": 22,
          "tags": [
            "کد",
            "قالب خروجی",
            "ارزیابی"
          ],
          "prereq": []
        },
        {
          "id": "m05_l07",
          "title": "ماژول 5: دیباگ پرامپت — درس 7",
          "level": "beginner",
          "minutes": 24,
          "tags": [
            "Agent",
            "داده",
            "ساختار"
          ],
          "prereq": []
        },
        {
          "id": "m05_l08",
          "title": "ماژول 5: دیباگ پرامپت — درس 8",
          "level": "beginner",
          "minutes": 26,
          "tags": [
            "کد",
            "Agent",
            "ارزیابی"
          ],
          "prereq": []
        }
      ]
    },
    {
      "id": "m06",
      "title": "ماژول 6: پرامپت برای تولید کد",
      "summary": "درس‌های هدفمند با تمرین، روبریک، و مثال‌های خوب/بد.",
      "lessons": [
        {
          "id": "m06_l01",
          "title": "ماژول 6: پرامپت برای تولید کد — درس 1",
          "level": "intermediate",
          "minutes": 12,
          "tags": [
            "کد",
            "RAG",
            "چندمرحله‌ای"
          ],
          "prereq": [
            "m05_l08"
          ]
        },
        {
          "id": "m06_l02",
          "title": "ماژول 6: پرامپت برای تولید کد — درس 2",
          "level": "intermediate",
          "minutes": 14,
          "tags": [
            "چندمرحله‌ای",
            "ساختار",
            "دیباگ"
          ],
          "prereq": []
        },
        {
          "id": "m06_l03",
          "title": "ماژول 6: پرامپت برای تولید کد — درس 3",
          "level": "intermediate",
          "minutes": 16,
          "tags": [
            "چندمرحله‌ای",
            "ارزیابی",
            "کد"
          ],
          "prereq": []
        },
        {
          "id": "m06_l04",
          "title": "ماژول 6: پرامپت برای تولید کد — درس 4",
          "level": "intermediate",
          "minutes": 18,
          "tags": [
            "قالب خروجی",
            "RAG",
            "کد"
          ],
          "prereq": []
        },
        {
          "id": "m06_l05",
          "title": "ماژول 6: پرامپت برای تولید کد — درس 5",
          "level": "intermediate",
          "minutes": 20,
          "tags": [
            "داده",
            "کد",
            "قالب خروجی"
          ],
          "prereq": []
        },
        {
          "id": "m06_l06",
          "title": "ماژول 6: پرامپت برای تولید کد — درس 6",
          "level": "intermediate",
          "minutes": 22,
          "tags": [
            "ساختار",
            "ارزیابی",
            "دیباگ"
          ],
          "prereq": []
        },
        {
          "id": "m06_l07",
          "title": "ماژول 6: پرامپت برای تولید کد — درس 7",
          "level": "intermediate",
          "minutes": 24,
          "tags": [
            "RAG",
            "کد",
            "ارزیابی"
          ],
          "prereq": []
        },
        {
          "id": "m06_l08",
          "title": "ماژول 6: پرامپت برای تولید کد — درس 8",
          "level": "intermediate",
          "minutes": 26,
          "tags": [
            "قالب خروجی",
            "کد",
            "RAG"
          ],
          "prereq": []
        }
      ]
    },
    {
      "id": "m07",
      "title": "ماژول 7: پرامپت برای داده و تحلیل",
      "summary": "درس‌های هدفمند با تمرین، روبریک، و مثال‌های خوب/بد.",
      "lessons": [
        {
          "id": "m07_l01",
          "title": "ماژول 7: پرامپت برای داده و تحلیل — درس 1",
          "level": "intermediate",
          "minutes": 12,
          "tags": [
            "چندمرحله‌ای",
            "دیباگ",
            "قالب خروجی"
          ],
          "prereq": [
            "m06_l08"
          ]
        },
        {
          "id": "m07_l02",
          "title": "ماژول 7: پرامپت برای داده و تحلیل — درس 2",
          "level": "intermediate",
          "minutes": 14,
          "tags": [
            "قالب خروجی",
            "داده",
            "ارزیابی"
          ],
          "prereq": []
        },
        {
          "id": "m07_l03",
          "title": "ماژول 7: پرامپت برای داده و تحلیل — درس 3",
          "level": "intermediate",
          "minutes": 16,
          "tags": [
            "دیباگ",
            "کد",
            "RAG"
          ],
          "prereq": []
        },
        {
          "id": "m07_l04",
          "title": "ماژول 7: پرامپت برای داده و تحلیل — درس 4",
          "level": "intermediate",
          "minutes": 18,
          "tags": [
            "قالب خروجی",
            "ساختار",
            "داده"
          ],
          "prereq": []
        },
        {
          "id": "m07_l05",
          "title": "ماژول 7: پرامپت برای داده و تحلیل — درس 5",
          "level": "intermediate",
          "minutes": 20,
          "tags": [
            "Agent",
            "RAG",
            "ارزیابی"
          ],
          "prereq": []
        },
        {
          "id": "m07_l06",
          "title": "ماژول 7: پرامپت برای داده و تحلیل — درس 6",
          "level": "intermediate",
          "minutes": 22,
          "tags": [
            "RAG",
            "قالب خروجی",
            "کد"
          ],
          "prereq": []
        },
        {
          "id": "m07_l07",
          "title": "ماژول 7: پرامپت برای داده و تحلیل — درس 7",
          "level": "intermediate",
          "minutes": 24,
          "tags": [
            "امنیت",
            "داده",
            "قالب خروجی"
          ],
          "prereq": []
        },
        {
          "id": "m07_l08",
          "title": "ماژول 7: پرامپت برای داده و تحلیل — درس 8",
          "level": "intermediate",
          "minutes": 26,
          "tags": [
            "داده",
            "ساختار",
            "ارزیابی"
          ],
          "prereq": []
        }
      ]
    },
    {
      "id": "m08",
      "title": "ماژول 8: پرامپت‌های چندمرحله‌ای",
      "summary": "درس‌های هدفمند با تمرین، روبریک، و مثال‌های خوب/بد.",
      "lessons": [
        {
          "id": "m08_l01",
          "title": "ماژول 8: پرامپت‌های چندمرحله‌ای — درس 1",
          "level": "intermediate",
          "minutes": 12,
          "tags": [
            "ارزیابی",
            "امنیت",
            "ساختار"
          ],
          "prereq": [
            "m07_l08"
          ]
        },
        {
          "id": "m08_l02",
          "title": "ماژول 8: پرامپت‌های چندمرحله‌ای — درس 2",
          "level": "intermediate",
          "minutes": 14,
          "tags": [
            "امنیت",
            "ساختار",
            "چندمرحله‌ای"
          ],
          "prereq": []
        },
        {
          "id": "m08_l03",
          "title": "ماژول 8: پرامپت‌های چندمرحله‌ای — درس 3",
          "level": "intermediate",
          "minutes": 16,
          "tags": [
            "کد",
            "قالب خروجی",
            "RAG"
          ],
          "prereq": []
        },
        {
          "id": "m08_l04",
          "title": "ماژول 8: پرامپت‌های چندمرحله‌ای — درس 4",
          "level": "intermediate",
          "minutes": 18,
          "tags": [
            "چندمرحله‌ای",
            "دیباگ",
            "داده"
          ],
          "prereq": []
        },
        {
          "id": "m08_l05",
          "title": "ماژول 8: پرامپت‌های چندمرحله‌ای — درس 5",
          "level": "intermediate",
          "minutes": 20,
          "tags": [
            "چندمرحله‌ای",
            "ارزیابی",
            "دیباگ"
          ],
          "prereq": []
        },
        {
          "id": "m08_l06",
          "title": "ماژول 8: پرامپت‌های چندمرحله‌ای — درس 6",
          "level": "intermediate",
          "minutes": 22,
          "tags": [
            "Agent",
            "چندمرحله‌ای",
            "RAG"
          ],
          "prereq": []
        },
        {
          "id": "m08_l07",
          "title": "ماژول 8: پرامپت‌های چندمرحله‌ای — درس 7",
          "level": "intermediate",
          "minutes": 24,
          "tags": [
            "RAG",
            "ارزیابی",
            "داده"
          ],
          "prereq": []
        },
        {
          "id": "m08_l08",
          "title": "ماژول 8: پرامپت‌های چندمرحله‌ای — درس 8",
          "level": "intermediate",
          "minutes": 26,
          "tags": [
            "دیباگ",
            "RAG",
            "داده"
          ],
          "prereq": []
        }
      ]
    },
    {
      "id": "m09",
      "title": "ماژول 9: Agentic و ابزارها",
      "summary": "درس‌های هدفمند با تمرین، روبریک، و مثال‌های خوب/بد.",
      "lessons": [
        {
          "id": "m09_l01",
          "title": "ماژول 9: Agentic و ابزارها — درس 1",
          "level": "intermediate",
          "minutes": 12,
          "tags": [
            "امنیت",
            "RAG",
            "ساختار"
          ],
          "prereq": [
            "m08_l08"
          ]
        },
        {
          "id": "m09_l02",
          "title": "ماژول 9: Agentic و ابزارها — درس 2",
          "level": "intermediate",
          "minutes": 14,
          "tags": [
            "چندمرحله‌ای",
            "امنیت",
            "ساختار"
          ],
          "prereq": []
        },
        {
          "id": "m09_l03",
          "title": "ماژول 9: Agentic و ابزارها — درس 3",
          "level": "intermediate",
          "minutes": 16,
          "tags": [
            "چندمرحله‌ای",
            "ساختار",
            "Agent"
          ],
          "prereq": []
        },
        {
          "id": "m09_l04",
          "title": "ماژول 9: Agentic و ابزارها — درس 4",
          "level": "intermediate",
          "minutes": 18,
          "tags": [
            "داده",
            "کد",
            "دیباگ"
          ],
          "prereq": []
        },
        {
          "id": "m09_l05",
          "title": "ماژول 9: Agentic و ابزارها — درس 5",
          "level": "intermediate",
          "minutes": 20,
          "tags": [
            "Agent",
            "چندمرحله‌ای",
            "RAG"
          ],
          "prereq": []
        },
        {
          "id": "m09_l06",
          "title": "ماژول 9: Agentic و ابزارها — درس 6",
          "level": "intermediate",
          "minutes": 22,
          "tags": [
            "Agent",
            "چندمرحله‌ای",
            "دیباگ"
          ],
          "prereq": []
        },
        {
          "id": "m09_l07",
          "title": "ماژول 9: Agentic و ابزارها — درس 7",
          "level": "intermediate",
          "minutes": 24,
          "tags": [
            "چندمرحله‌ای",
            "کد",
            "Agent"
          ],
          "prereq": []
        },
        {
          "id": "m09_l08",
          "title": "ماژول 9: Agentic و ابزارها — درس 8",
          "level": "intermediate",
          "minutes": 26,
          "tags": [
            "ساختار",
            "RAG",
            "کد"
          ],
          "prereq": []
        }
      ]
    },
    {
      "id": "m10",
      "title": "ماژول 10: RAG و بازیابی",
      "summary": "درس‌های هدفمند با تمرین، روبریک، و مثال‌های خوب/بد.",
      "lessons": [
        {
          "id": "m10_l01",
          "title": "ماژول 10: RAG و بازیابی — درس 1",
          "level": "intermediate",
          "minutes": 12,
          "tags": [
            "دیباگ",
            "Agent",
            "کد"
          ],
          "prereq": [
            "m09_l08"
          ]
        },
        {
          "id": "m10_l02",
          "title": "ماژول 10: RAG و بازیابی — درس 2",
          "level": "intermediate",
          "minutes": 14,
          "tags": [
            "ارزیابی",
            "کد",
            "داده"
          ],
          "prereq": []
        },
        {
          "id": "m10_l03",
          "title": "ماژول 10: RAG و بازیابی — درس 3",
          "level": "intermediate",
          "minutes": 16,
          "tags": [
            "ارزیابی",
            "ساختار",
            "دیباگ"
          ],
          "prereq": []
        },
        {
          "id": "m10_l04",
          "title": "ماژول 10: RAG و بازیابی — درس 4",
          "level": "intermediate",
          "minutes": 18,
          "tags": [
            "RAG",
            "چندمرحله‌ای",
            "Agent"
          ],
          "prereq": []
        },
        {
          "id": "m10_l05",
          "title": "ماژول 10: RAG و بازیابی — درس 5",
          "level": "intermediate",
          "minutes": 20,
          "tags": [
            "داده",
            "Agent",
            "دیباگ"
          ],
          "prereq": []
        },
        {
          "id": "m10_l06",
          "title": "ماژول 10: RAG و بازیابی — درس 6",
          "level": "intermediate",
          "minutes": 22,
          "tags": [
            "داده",
            "امنیت",
            "Agent"
          ],
          "prereq": []
        },
        {
          "id": "m10_l07",
          "title": "ماژول 10: RAG و بازیابی — درس 7",
          "level": "intermediate",
          "minutes": 24,
          "tags": [
            "Agent",
            "چندمرحله‌ای",
            "ارزیابی"
          ],
          "prereq": []
        },
        {
          "id": "m10_l08",
          "title": "ماژول 10: RAG و بازیابی — درس 8",
          "level": "intermediate",
          "minutes": 26,
          "tags": [
            "کد",
            "ارزیابی",
            "قالب خروجی"
          ],
          "prereq": []
        }
      ]
    },
    {
      "id": "m11",
      "title": "ماژول 11: ایمنی، سوگیری، سیاست‌ها",
      "summary": "درس‌های هدفمند با تمرین، روبریک، و مثال‌های خوب/بد.",
      "lessons": [
        {
          "id": "m11_l01",
          "title": "ماژول 11: ایمنی، سوگیری، سیاست‌ها — درس 1",
          "level": "intermediate",
          "minutes": 12,
          "tags": [
            "کد",
            "Agent",
            "قالب خروجی"
          ],
          "prereq": [
            "m10_l08"
          ]
        },
        {
          "id": "m11_l02",
          "title": "ماژول 11: ایمنی، سوگیری، سیاست‌ها — درس 2",
          "level": "intermediate",
          "minutes": 14,
          "tags": [
            "ارزیابی",
            "ساختار",
            "چندمرحله‌ای"
          ],
          "prereq": []
        },
        {
          "id": "m11_l03",
          "title": "ماژول 11: ایمنی، سوگیری، سیاست‌ها — درس 3",
          "level": "intermediate",
          "minutes": 16,
          "tags": [
            "امنیت",
            "داده",
            "کد"
          ],
          "prereq": []
        },
        {
          "id": "m11_l04",
          "title": "ماژول 11: ایمنی، سوگیری، سیاست‌ها — درس 4",
          "level": "intermediate",
          "minutes": 18,
          "tags": [
            "ساختار",
            "امنیت",
            "چندمرحله‌ای"
          ],
          "prereq": []
        },
        {
          "id": "m11_l05",
          "title": "ماژول 11: ایمنی، سوگیری، سیاست‌ها — درس 5",
          "level": "intermediate",
          "minutes": 20,
          "tags": [
            "Agent",
            "امنیت",
            "کد"
          ],
          "prereq": []
        },
        {
          "id": "m11_l06",
          "title": "ماژول 11: ایمنی، سوگیری، سیاست‌ها — درس 6",
          "level": "intermediate",
          "minutes": 22,
          "tags": [
            "دیباگ",
            "RAG",
            "ارزیابی"
          ],
          "prereq": []
        },
        {
          "id": "m11_l07",
          "title": "ماژول 11: ایمنی، سوگیری، سیاست‌ها — درس 7",
          "level": "intermediate",
          "minutes": 24,
          "tags": [
            "امنیت",
            "ساختار",
            "ارزیابی"
          ],
          "prereq": []
        },
        {
          "id": "m11_l08",
          "title": "ماژول 11: ایمنی، سوگیری، سیاست‌ها — درس 8",
          "level": "intermediate",
          "minutes": 26,
          "tags": [
            "ساختار",
            "دیباگ",
            "چندمرحله‌ای"
          ],
          "prereq": []
        }
      ]
    },
    {
      "id": "m12",
      "title": "ماژول 12: بهینه‌سازی و A/B تست",
      "summary": "درس‌های هدفمند با تمرین، روبریک، و مثال‌های خوب/بد.",
      "lessons": [
        {
          "id": "m12_l01",
          "title": "ماژول 12: بهینه‌سازی و A/B تست — درس 1",
          "level": "intermediate",
          "minutes": 12,
          "tags": [
            "امنیت",
            "ساختار",
            "Agent"
          ],
          "prereq": [
            "m11_l08"
          ]
        },
        {
          "id": "m12_l02",
          "title": "ماژول 12: بهینه‌سازی و A/B تست — درس 2",
          "level": "intermediate",
          "minutes": 14,
          "tags": [
            "Agent",
            "امنیت",
            "قالب خروجی"
          ],
          "prereq": []
        },
        {
          "id": "m12_l03",
          "title": "ماژول 12: بهینه‌سازی و A/B تست — درس 3",
          "level": "intermediate",
          "minutes": 16,
          "tags": [
            "چندمرحله‌ای",
            "ساختار",
            "دیباگ"
          ],
          "prereq": []
        },
        {
          "id": "m12_l04",
          "title": "ماژول 12: بهینه‌سازی و A/B تست — درس 4",
          "level": "intermediate",
          "minutes": 18,
          "tags": [
            "ساختار",
            "چندمرحله‌ای",
            "Agent"
          ],
          "prereq": []
        },
        {
          "id": "m12_l05",
          "title": "ماژول 12: بهینه‌سازی و A/B تست — درس 5",
          "level": "intermediate",
          "minutes": 20,
          "tags": [
            "کد",
            "قالب خروجی",
            "RAG"
          ],
          "prereq": []
        },
        {
          "id": "m12_l06",
          "title": "ماژول 12: بهینه‌سازی و A/B تست — درس 6",
          "level": "intermediate",
          "minutes": 22,
          "tags": [
            "دیباگ",
            "ساختار",
            "ارزیابی"
          ],
          "prereq": []
        },
        {
          "id": "m12_l07",
          "title": "ماژول 12: بهینه‌سازی و A/B تست — درس 7",
          "level": "intermediate",
          "minutes": 24,
          "tags": [
            "چندمرحله‌ای",
            "دیباگ",
            "ساختار"
          ],
          "prereq": []
        },
        {
          "id": "m12_l08",
          "title": "ماژول 12: بهینه‌سازی و A/B تست — درس 8",
          "level": "intermediate",
          "minutes": 26,
          "tags": [
            "RAG",
            "ساختار",
            "داده"
          ],
          "prereq": []
        }
      ]
    },
    {
      "id": "m13",
      "title": "ماژول 13: سیستم‌های تولیدی و CI",
      "summary": "درس‌های هدفمند با تمرین، روبریک، و مثال‌های خوب/بد.",
      "lessons": [
        {
          "id": "m13_l01",
          "title": "ماژول 13: سیستم‌های تولیدی و CI — درس 1",
          "level": "advanced",
          "minutes": 12,
          "tags": [
            "ارزیابی",
            "ساختار",
            "قالب خروجی"
          ],
          "prereq": [
            "m12_l08"
          ]
        },
        {
          "id": "m13_l02",
          "title": "ماژول 13: سیستم‌های تولیدی و CI — درس 2",
          "level": "advanced",
          "minutes": 14,
          "tags": [
            "Agent",
            "داده",
            "قالب خروجی"
          ],
          "prereq": []
        },
        {
          "id": "m13_l03",
          "title": "ماژول 13: سیستم‌های تولیدی و CI — درس 3",
          "level": "advanced",
          "minutes": 16,
          "tags": [
            "RAG",
            "کد",
            "قالب خروجی"
          ],
          "prereq": []
        },
        {
          "id": "m13_l04",
          "title": "ماژول 13: سیستم‌های تولیدی و CI — درس 4",
          "level": "advanced",
          "minutes": 18,
          "tags": [
            "Agent",
            "RAG",
            "امنیت"
          ],
          "prereq": []
        },
        {
          "id": "m13_l05",
          "title": "ماژول 13: سیستم‌های تولیدی و CI — درس 5",
          "level": "advanced",
          "minutes": 20,
          "tags": [
            "دیباگ",
            "RAG",
            "ارزیابی"
          ],
          "prereq": []
        },
        {
          "id": "m13_l06",
          "title": "ماژول 13: سیستم‌های تولیدی و CI — درس 6",
          "level": "advanced",
          "minutes": 22,
          "tags": [
            "RAG",
            "کد",
            "چندمرحله‌ای"
          ],
          "prereq": []
        },
        {
          "id": "m13_l07",
          "title": "ماژول 13: سیستم‌های تولیدی و CI — درس 7",
          "level": "advanced",
          "minutes": 24,
          "tags": [
            "داده",
            "امنیت",
            "قالب خروجی"
          ],
          "prereq": []
        },
        {
          "id": "m13_l08",
          "title": "ماژول 13: سیستم‌های تولیدی و CI — درس 8",
          "level": "advanced",
          "minutes": 26,
          "tags": [
            "داده",
            "Agent",
            "ساختار"
          ],
          "prereq": []
        }
      ]
    },
    {
      "id": "m14",
      "title": "ماژول 14: طراحی UX برای LLM",
      "summary": "درس‌های هدفمند با تمرین، روبریک، و مثال‌های خوب/بد.",
      "lessons": [
        {
          "id": "m14_l01",
          "title": "ماژول 14: طراحی UX برای LLM — درس 1",
          "level": "advanced",
          "minutes": 12,
          "tags": [
            "دیباگ",
            "چندمرحله‌ای",
            "کد"
          ],
          "prereq": [
            "m13_l08"
          ]
        },
        {
          "id": "m14_l02",
          "title": "ماژول 14: طراحی UX برای LLM — درس 2",
          "level": "advanced",
          "minutes": 14,
          "tags": [
            "امنیت",
            "کد",
            "چندمرحله‌ای"
          ],
          "prereq": []
        },
        {
          "id": "m14_l03",
          "title": "ماژول 14: طراحی UX برای LLM — درس 3",
          "level": "advanced",
          "minutes": 16,
          "tags": [
            "ساختار",
            "Agent",
            "قالب خروجی"
          ],
          "prereq": []
        },
        {
          "id": "m14_l04",
          "title": "ماژول 14: طراحی UX برای LLM — درس 4",
          "level": "advanced",
          "minutes": 18,
          "tags": [
            "ارزیابی",
            "ساختار",
            "RAG"
          ],
          "prereq": []
        },
        {
          "id": "m14_l05",
          "title": "ماژول 14: طراحی UX برای LLM — درس 5",
          "level": "advanced",
          "minutes": 20,
          "tags": [
            "داده",
            "دیباگ",
            "RAG"
          ],
          "prereq": []
        },
        {
          "id": "m14_l06",
          "title": "ماژول 14: طراحی UX برای LLM — درس 6",
          "level": "advanced",
          "minutes": 22,
          "tags": [
            "ارزیابی",
            "دیباگ",
            "قالب خروجی"
          ],
          "prereq": []
        },
        {
          "id": "m14_l07",
          "title": "ماژول 14: طراحی UX برای LLM — درس 7",
          "level": "advanced",
          "minutes": 24,
          "tags": [
            "ارزیابی",
            "ساختار",
            "قالب خروجی"
          ],
          "prereq": []
        },
        {
          "id": "m14_l08",
          "title": "ماژول 14: طراحی UX برای LLM — درس 8",
          "level": "advanced",
          "minutes": 26,
          "tags": [
            "دیباگ",
            "ساختار",
            "Agent"
          ],
          "prereq": []
        }
      ]
    },
    {
      "id": "m15",
      "title": "ماژول 15: تحقیقات و مرور ادبیات",
      "summary": "درس‌های هدفمند با تمرین، روبریک، و مثال‌های خوب/بد.",
      "lessons": [
        {
          "id": "m15_l01",
          "title": "ماژول 15: تحقیقات و مرور ادبیات — درس 1",
          "level": "advanced",
          "minutes": 12,
          "tags": [
            "Agent",
            "کد",
            "ساختار"
          ],
          "prereq": [
            "m14_l08"
          ]
        },
        {
          "id": "m15_l02",
          "title": "ماژول 15: تحقیقات و مرور ادبیات — درس 2",
          "level": "advanced",
          "minutes": 14,
          "tags": [
            "کد",
            "چندمرحله‌ای",
            "قالب خروجی"
          ],
          "prereq": []
        },
        {
          "id": "m15_l03",
          "title": "ماژول 15: تحقیقات و مرور ادبیات — درس 3",
          "level": "advanced",
          "minutes": 16,
          "tags": [
            "چندمرحله‌ای",
            "کد",
            "داده"
          ],
          "prereq": []
        },
        {
          "id": "m15_l04",
          "title": "ماژول 15: تحقیقات و مرور ادبیات — درس 4",
          "level": "advanced",
          "minutes": 18,
          "tags": [
            "کد",
            "چندمرحله‌ای",
            "Agent"
          ],
          "prereq": []
        },
        {
          "id": "m15_l05",
          "title": "ماژول 15: تحقیقات و مرور ادبیات — درس 5",
          "level": "advanced",
          "minutes": 20,
          "tags": [
            "ارزیابی",
            "ساختار",
            "قالب خروجی"
          ],
          "prereq": []
        },
        {
          "id": "m15_l06",
          "title": "ماژول 15: تحقیقات و مرور ادبیات — درس 6",
          "level": "advanced",
          "minutes": 22,
          "tags": [
            "قالب خروجی",
            "کد",
            "دیباگ"
          ],
          "prereq": []
        },
        {
          "id": "m15_l07",
          "title": "ماژول 15: تحقیقات و مرور ادبیات — درس 7",
          "level": "advanced",
          "minutes": 24,
          "tags": [
            "کد",
            "Agent",
            "دیباگ"
          ],
          "prereq": []
        },
        {
          "id": "m15_l08",
          "title": "ماژول 15: تحقیقات و مرور ادبیات — درس 8",
          "level": "advanced",
          "minutes": 26,
          "tags": [
            "ساختار",
            "قالب خروجی",
            "RAG"
          ],
          "prereq": []
        }
      ]
    },
    {
      "id": "m16",
      "title": "ماژول 16: Capstone و پروژه نهایی",
      "summary": "درس‌های هدفمند با تمرین، روبریک، و مثال‌های خوب/بد.",
      "lessons": [
        {
          "id": "m16_l01",
          "title": "ماژول 16: Capstone و پروژه نهایی — درس 1",
          "level": "advanced",
          "minutes": 12,
          "tags": [
            "کد",
            "ساختار",
            "قالب خروجی"
          ],
          "prereq": [
            "m15_l08"
          ]
        },
        {
          "id": "m16_l02",
          "title": "ماژول 16: Capstone و پروژه نهایی — درس 2",
          "level": "advanced",
          "minutes": 14,
          "tags": [
            "داده",
            "کد",
            "Agent"
          ],
          "prereq": []
        },
        {
          "id": "m16_l03",
          "title": "ماژول 16: Capstone و پروژه نهایی — درس 3",
          "level": "advanced",
          "minutes": 16,
          "tags": [
            "امنیت",
            "ساختار",
            "قالب خروجی"
          ],
          "prereq": []
        },
        {
          "id": "m16_l04",
          "title": "ماژول 16: Capstone و پروژه نهایی — درس 4",
          "level": "advanced",
          "minutes": 18,
          "tags": [
            "RAG",
            "کد",
            "چندمرحله‌ای"
          ],
          "prereq": []
        },
        {
          "id": "m16_l05",
          "title": "ماژول 16: Capstone و پروژه نهایی — درس 5",
          "level": "advanced",
          "minutes": 20,
          "tags": [
            "دیباگ",
            "چندمرحله‌ای",
            "ساختار"
          ],
          "prereq": []
        },
        {
          "id": "m16_l06",
          "title": "ماژول 16: Capstone و پروژه نهایی — درس 6",
          "level": "advanced",
          "minutes": 22,
          "tags": [
            "Agent",
            "ساختار",
            "چندمرحله‌ای"
          ],
          "prereq": []
        },
        {
          "id": "m16_l07",
          "title": "ماژول 16: Capstone و پروژه نهایی — درس 7",
          "level": "advanced",
          "minutes": 24,
          "tags": [
            "قالب خروجی",
            "داده",
            "امنیت"
          ],
          "prereq": []
        },
        {
          "id": "m16_l08",
          "title": "ماژول 16: Capstone و پروژه نهایی — درس 8",
          "level": "advanced",
          "minutes": 26,
          "tags": [
            "RAG",
            "داده",
            "قالب خروجی"
          ],
          "prereq": []
        }
      ]
    }
  ]
}