{
  "version": 1,
  "cards": [
    {
      "id": "c001",
      "lessonId": "m01_l01",
      "front": "قالب پرامپت حرفه‌ای شامل چه بخش‌هایی است؟",
      "back": "Role, Goal, Context, Inputs, Constraints, Output format, Acceptance criteria, Edge cases"
    },
    {
      "id": "c002",
      "lessonId": "m01_l02",
      "front": "قالب پرامپت حرفه‌ای شامل چه بخش‌هایی است؟",
      "back": "Role, Goal, Context, Inputs, Constraints, Output format, Acceptance criteria, Edge cases"
    },
    {
      "id": "c003",
      "lessonId": "m01_l03",
      "front": "قالب پرامپت حرفه‌ای شامل چه بخش‌هایی است؟",
      "back": "Role, Goal, Context, Inputs, Constraints, Output format, Acceptance criteria, Edge cases"
    },
    {
      "id": "c004",
      "lessonId": "m01_l04",
      "front": "قالب پرامپت حرفه‌ای شامل چه بخش‌هایی است؟",
      "back": "Role, Goal, Context, Inputs, Constraints, Output format, Acceptance criteria, Edge cases"
    },
    {
      "id": "c005",
      "lessonId": "m01_l05",
      "front": "قالب پرامپت حرفه‌ای شامل چه بخش‌هایی است؟",
      "back": "Role, Goal, Context, Inputs, Constraints, Output format, Acceptance criteria, Edge cases"
    },
    {
      "id": "c006",
      "lessonId": "m01_l06",
      "front": "قالب پرامپت حرفه‌ای شامل چه بخش‌هایی است؟",
      "back": "Role, Goal, Context, Inputs, Constraints, Output format, Acceptance criteria, Edge cases"
    },
    {
      "id": "c007",
      "lessonId": "m01_l07",
      "front": "قالب پرامپت حرفه‌ای شامل چه بخش‌هایی است؟",
      "back": "Role, Goal, Context, Inputs, Constraints, Output format, Acceptance criteria, Edge cases"
    },
    {
      "id": "c008",
      "lessonId": "m01_l08",
      "front": "قالب پرامپت حرفه‌ای شامل چه بخش‌هایی است؟",
      "back": "Role, Goal, Context, Inputs, Constraints, Output format, Acceptance criteria, Edge cases"
    },
    {
      "id": "c009",
      "lessonId": "m02_l01",
      "front": "قالب پرامپت حرفه‌ای شامل چه بخش‌هایی است؟",
      "back": "Role, Goal, Context, Inputs, Constraints, Output format, Acceptance criteria, Edge cases"
    },
    {
      "id": "c010",
      "lessonId": "m02_l02",
      "front": "قالب پرامپت حرفه‌ای شامل چه بخش‌هایی است؟",
      "back": "Role, Goal, Context, Inputs, Constraints, Output format, Acceptance criteria, Edge cases"
    },
    {
      "id": "c011",
      "lessonId": "m02_l03",
      "front": "قالب پرامپت حرفه‌ای شامل چه بخش‌هایی است؟",
      "back": "Role, Goal, Context, Inputs, Constraints, Output format, Acceptance criteria, Edge cases"
    },
    {
      "id": "c012",
      "lessonId": "m02_l04",
      "front": "قالب پرامپت حرفه‌ای شامل چه بخش‌هایی است؟",
      "back": "Role, Goal, Context, Inputs, Constraints, Output format, Acceptance criteria, Edge cases"
    },
    {
      "id": "c013",
      "lessonId": "m02_l05",
      "front": "قالب پرامپت حرفه‌ای شامل چه بخش‌هایی است؟",
      "back": "Role, Goal, Context, Inputs, Constraints, Output format, Acceptance criteria, Edge cases"
    },
    {
      "id": "c014",
      "lessonId": "m02_l06",
      "front": "قالب پرامپت حرفه‌ای شامل چه بخش‌هایی است؟",
      "back": "Role, Goal, Context, Inputs, Constraints, Output format, Acceptance criteria, Edge cases"
    },
    {
      "id": "c015",
      "lessonId": "m02_l07",
      "front": "قالب پرامپت حرفه‌ای شامل چه بخش‌هایی است؟",
      "back": "Role, Goal, Context, Inputs, Constraints, Output format, Acceptance criteria, Edge cases"
    },
    {
      "id": "c016",
      "lessonId": "m02_l08",
      "front": "قالب پرامپت حرفه‌ای شامل چه بخش‌هایی است؟",
      "back": "Role, Goal, Context, Inputs, Constraints, Output format, Acceptance criteria, Edge cases"
    },
    {
      "id": "c017",
      "lessonId": "m03_l01",
      "front": "قالب پرامپت حرفه‌ای شامل چه بخش‌هایی است؟",
      "back": "Role, Goal, Context, Inputs, Constraints, Output format, Acceptance criteria, Edge cases"
    },
    {
      "id": "c018",
      "lessonId": "m03_l02",
      "front": "قالب پرامپت حرفه‌ای شامل چه بخش‌هایی است؟",
      "back": "Role, Goal, Context, Inputs, Constraints, Output format, Acceptance criteria, Edge cases"
    },
    {
      "id": "c019",
      "lessonId": "m03_l03",
      "front": "قالب پرامپت حرفه‌ای شامل چه بخش‌هایی است؟",
      "back": "Role, Goal, Context, Inputs, Constraints, Output format, Acceptance criteria, Edge cases"
    },
    {
      "id": "c020",
      "lessonId": "m03_l04",
      "front": "قالب پرامپت حرفه‌ای شامل چه بخش‌هایی است؟",
      "back": "Role, Goal, Context, Inputs, Constraints, Output format, Acceptance criteria, Edge cases"
    },
    {
      "id": "c021",
      "lessonId": "m03_l05",
      "front": "قالب پرامپت حرفه‌ای شامل چه بخش‌هایی است؟",
      "back": "Role, Goal, Context, Inputs, Constraints, Output format, Acceptance criteria, Edge cases"
    },
    {
      "id": "c022",
      "lessonId": "m03_l06",
      "front": "قالب پرامپت حرفه‌ای شامل چه بخش‌هایی است؟",
      "back": "Role, Goal, Context, Inputs, Constraints, Output format, Acceptance criteria, Edge cases"
    },
    {
      "id": "c023",
      "lessonId": "m03_l07",
      "front": "قالب پرامپت حرفه‌ای شامل چه بخش‌هایی است؟",
      "back": "Role, Goal, Context, Inputs, Constraints, Output format, Acceptance criteria, Edge cases"
    },
    {
      "id": "c024",
      "lessonId": "m03_l08",
      "front": "قالب پرامپت حرفه‌ای شامل چه بخش‌هایی است؟",
      "back": "Role, Goal, Context, Inputs, Constraints, Output format, Acceptance criteria, Edge cases"
    },
    {
      "id": "c025",
      "lessonId": "m04_l01",
      "front": "قالب پرامپت حرفه‌ای شامل چه بخش‌هایی است؟",
      "back": "Role, Goal, Context, Inputs, Constraints, Output format, Acceptance criteria, Edge cases"
    },
    {
      "id": "c026",
      "lessonId": "m04_l02",
      "front": "قالب پرامپت حرفه‌ای شامل چه بخش‌هایی است؟",
      "back": "Role, Goal, Context, Inputs, Constraints, Output format, Acceptance criteria, Edge cases"
    },
    {
      "id": "c027",
      "lessonId": "m04_l03",
      "front": "قالب پرامپت حرفه‌ای شامل چه بخش‌هایی است؟",
      "back": "Role, Goal, Context, Inputs, Constraints, Output format, Acceptance criteria, Edge cases"
    },
    {
      "id": "c028",
      "lessonId": "m04_l04",
      "front": "قالب پرامپت حرفه‌ای شامل چه بخش‌هایی است؟",
      "back": "Role, Goal, Context, Inputs, Constraints, Output format, Acceptance criteria, Edge cases"
    },
    {
      "id": "c029",
      "lessonId": "m04_l05",
      "front": "قالب پرامپت حرفه‌ای شامل چه بخش‌هایی است؟",
      "back": "Role, Goal, Context, Inputs, Constraints, Output format, Acceptance criteria, Edge cases"
    },
    {
      "id": "c030",
      "lessonId": "m04_l06",
      "front": "قالب پرامپت حرفه‌ای شامل چه بخش‌هایی است؟",
      "back": "Role, Goal, Context, Inputs, Constraints, Output format, Acceptance criteria, Edge cases"
    },
    {
      "id": "c031",
      "lessonId": "m04_l07",
      "front": "قالب پرامپت حرفه‌ای شامل چه بخش‌هایی است؟",
      "back": "Role, Goal, Context, Inputs, Constraints, Output format, Acceptance criteria, Edge cases"
    },
    {
      "id": "c032",
      "lessonId": "m04_l08",
      "front": "قالب پرامپت حرفه‌ای شامل چه بخش‌هایی است؟",
      "back": "Role, Goal, Context, Inputs, Constraints, Output format, Acceptance criteria, Edge cases"
    },
    {
      "id": "c033",
      "lessonId": "m05_l01",
      "front": "قالب پرامپت حرفه‌ای شامل چه بخش‌هایی است؟",
      "back": "Role, Goal, Context, Inputs, Constraints, Output format, Acceptance criteria, Edge cases"
    },
    {
      "id": "c034",
      "lessonId": "m05_l02",
      "front": "قالب پرامپت حرفه‌ای شامل چه بخش‌هایی است؟",
      "back": "Role, Goal, Context, Inputs, Constraints, Output format, Acceptance criteria, Edge cases"
    },
    {
      "id": "c035",
      "lessonId": "m05_l03",
      "front": "قالب پرامپت حرفه‌ای شامل چه بخش‌هایی است؟",
      "back": "Role, Goal, Context, Inputs, Constraints, Output format, Acceptance criteria, Edge cases"
    },
    {
      "id": "c036",
      "lessonId": "m05_l04",
      "front": "قالب پرامپت حرفه‌ای شامل چه بخش‌هایی است؟",
      "back": "Role, Goal, Context, Inputs, Constraints, Output format, Acceptance criteria, Edge cases"
    },
    {
      "id": "c037",
      "lessonId": "m05_l05",
      "front": "قالب پرامپت حرفه‌ای شامل چه بخش‌هایی است؟",
      "back": "Role, Goal, Context, Inputs, Constraints, Output format, Acceptance criteria, Edge cases"
    },
    {
      "id": "c038",
      "lessonId": "m05_l06",
      "front": "قالب پرامپت حرفه‌ای شامل چه بخش‌هایی است؟",
      "back": "Role, Goal, Context, Inputs, Constraints, Output format, Acceptance criteria, Edge cases"
    },
    {
      "id": "c039",
      "lessonId": "m05_l07",
      "front": "قالب پرامپت حرفه‌ای شامل چه بخش‌هایی است؟",
      "back": "Role, Goal, Context, Inputs, Constraints, Output format, Acceptance criteria, Edge cases"
    },
    {
      "id": "c040",
      "lessonId": "m05_l08",
      "front": "قالب پرامپت حرفه‌ای شامل چه بخش‌هایی است؟",
      "back": "Role, Goal, Context, Inputs, Constraints, Output format, Acceptance criteria, Edge cases"
    },
    {
      "id": "c041",
      "lessonId": "m06_l01",
      "front": "قالب پرامپت حرفه‌ای شامل چه بخش‌هایی است؟",
      "back": "Role, Goal, Context, Inputs, Constraints, Output format, Acceptance criteria, Edge cases"
    },
    {
      "id": "c042",
      "lessonId": "m06_l02",
      "front": "قالب پرامپت حرفه‌ای شامل چه بخش‌هایی است؟",
      "back": "Role, Goal, Context, Inputs, Constraints, Output format, Acceptance criteria, Edge cases"
    },
    {
      "id": "c043",
      "lessonId": "m06_l03",
      "front": "قالب پرامپت حرفه‌ای شامل چه بخش‌هایی است؟",
      "back": "Role, Goal, Context, Inputs, Constraints, Output format, Acceptance criteria, Edge cases"
    },
    {
      "id": "c044",
      "lessonId": "m06_l04",
      "front": "قالب پرامپت حرفه‌ای شامل چه بخش‌هایی است؟",
      "back": "Role, Goal, Context, Inputs, Constraints, Output format, Acceptance criteria, Edge cases"
    },
    {
      "id": "c045",
      "lessonId": "m06_l05",
      "front": "قالب پرامپت حرفه‌ای شامل چه بخش‌هایی است؟",
      "back": "Role, Goal, Context, Inputs, Constraints, Output format, Acceptance criteria, Edge cases"
    },
    {
      "id": "c046",
      "lessonId": "m06_l06",
      "front": "قالب پرامپت حرفه‌ای شامل چه بخش‌هایی است؟",
      "back": "Role, Goal, Context, Inputs, Constraints, Output format, Acceptance criteria, Edge cases"
    },
    {
      "id": "c047",
      "lessonId": "m06_l07",
      "front": "قالب پرامپت حرفه‌ای شامل چه بخش‌هایی است؟",
      "back": "Role, Goal, Context, Inputs, Constraints, Output format, Acceptance criteria, Edge cases"
    },
    {
      "id": "c048",
      "lessonId": "m06_l08",
      "front": "قالب پرامپت حرفه‌ای شامل چه بخش‌هایی است؟",
      "back": "Role, Goal, Context, Inputs, Constraints, Output format, Acceptance criteria, Edge cases"
    }
  ]
}