{
  "version": 1,
  "questions": [
    {
      "id": "q001",
      "lessonId": "m01_l01",
      "question": "در یک پرامپت حرفه‌ای، مهم‌ترین چیز برای کاهش ابهام چیست؟",
      "options": [
        "نوشتن خیلی طولانی",
        "تعریف قالب خروجی و معیار پذیرش",
        "استفاده از شوخی",
        "حذف محدودیت‌ها"
      ],
      "correctIndex": 1,
      "explanation": "قالب خروجی + معیار پذیرش، خروجی را قابل تست و پایدار می‌کند."
    },
    {
      "id": "q002",
      "lessonId": "m02_l01",
      "question": "در یک پرامپت حرفه‌ای، مهم‌ترین چیز برای کاهش ابهام چیست؟",
      "options": [
        "نوشتن خیلی طولانی",
        "تعریف قالب خروجی و معیار پذیرش",
        "استفاده از شوخی",
        "حذف محدودیت‌ها"
      ],
      "correctIndex": 1,
      "explanation": "قالب خروجی + معیار پذیرش، خروجی را قابل تست و پایدار می‌کند."
    },
    {
      "id": "q003",
      "lessonId": "m03_l01",
      "question": "در یک پرامپت حرفه‌ای، مهم‌ترین چیز برای کاهش ابهام چیست؟",
      "options": [
        "نوشتن خیلی طولانی",
        "تعریف قالب خروجی و معیار پذیرش",
        "استفاده از شوخی",
        "حذف محدودیت‌ها"
      ],
      "correctIndex": 1,
      "explanation": "قالب خروجی + معیار پذیرش، خروجی را قابل تست و پایدار می‌کند."
    },
    {
      "id": "q004",
      "lessonId": "m04_l01",
      "question": "در یک پرامپت حرفه‌ای، مهم‌ترین چیز برای کاهش ابهام چیست؟",
      "options": [
        "نوشتن خیلی طولانی",
        "تعریف قالب خروجی و معیار پذیرش",
        "استفاده از شوخی",
        "حذف محدودیت‌ها"
      ],
      "correctIndex": 1,
      "explanation": "قالب خروجی + معیار پذیرش، خروجی را قابل تست و پایدار می‌کند."
    },
    {
      "id": "q005",
      "lessonId": "m05_l01",
      "question": "در یک پرامپت حرفه‌ای، مهم‌ترین چیز برای کاهش ابهام چیست؟",
      "options": [
        "نوشتن خیلی طولانی",
        "تعریف قالب خروجی و معیار پذیرش",
        "استفاده از شوخی",
        "حذف محدودیت‌ها"
      ],
      "correctIndex": 1,
      "explanation": "قالب خروجی + معیار پذیرش، خروجی را قابل تست و پایدار می‌کند."
    },
    {
      "id": "q006",
      "lessonId": "m06_l01",
      "question": "در یک پرامپت حرفه‌ای، مهم‌ترین چیز برای کاهش ابهام چیست؟",
      "options": [
        "نوشتن خیلی طولانی",
        "تعریف قالب خروجی و معیار پذیرش",
        "استفاده از شوخی",
        "حذف محدودیت‌ها"
      ],
      "correctIndex": 1,
      "explanation": "قالب خروجی + معیار پذیرش، خروجی را قابل تست و پایدار می‌کند."
    },
    {
      "id": "q007",
      "lessonId": "m07_l01",
      "question": "در یک پرامپت حرفه‌ای، مهم‌ترین چیز برای کاهش ابهام چیست؟",
      "options": [
        "نوشتن خیلی طولانی",
        "تعریف قالب خروجی و معیار پذیرش",
        "استفاده از شوخی",
        "حذف محدودیت‌ها"
      ],
      "correctIndex": 1,
      "explanation": "قالب خروجی + معیار پذیرش، خروجی را قابل تست و پایدار می‌کند."
    },
    {
      "id": "q008",
      "lessonId": "m08_l01",
      "question": "در یک پرامپت حرفه‌ای، مهم‌ترین چیز برای کاهش ابهام چیست؟",
      "options": [
        "نوشتن خیلی طولانی",
        "تعریف قالب خروجی و معیار پذیرش",
        "استفاده از شوخی",
        "حذف محدودیت‌ها"
      ],
      "correctIndex": 1,
      "explanation": "قالب خروجی + معیار پذیرش، خروجی را قابل تست و پایدار می‌کند."
    },
    {
      "id": "q009",
      "lessonId": "m09_l01",
      "question": "در یک پرامپت حرفه‌ای، مهم‌ترین چیز برای کاهش ابهام چیست؟",
      "options": [
        "نوشتن خیلی طولانی",
        "تعریف قالب خروجی و معیار پذیرش",
        "استفاده از شوخی",
        "حذف محدودیت‌ها"
      ],
      "correctIndex": 1,
      "explanation": "قالب خروجی + معیار پذیرش، خروجی را قابل تست و پایدار می‌کند."
    },
    {
      "id": "q010",
      "lessonId": "m10_l01",
      "question": "در یک پرامپت حرفه‌ای، مهم‌ترین چیز برای کاهش ابهام چیست؟",
      "options": [
        "نوشتن خیلی طولانی",
        "تعریف قالب خروجی و معیار پذیرش",
        "استفاده از شوخی",
        "حذف محدودیت‌ها"
      ],
      "correctIndex": 1,
      "explanation": "قالب خروجی + معیار پذیرش، خروجی را قابل تست و پایدار می‌کند."
    },
    {
      "id": "q011",
      "lessonId": "m11_l01",
      "question": "در یک پرامپت حرفه‌ای، مهم‌ترین چیز برای کاهش ابهام چیست؟",
      "options": [
        "نوشتن خیلی طولانی",
        "تعریف قالب خروجی و معیار پذیرش",
        "استفاده از شوخی",
        "حذف محدودیت‌ها"
      ],
      "correctIndex": 1,
      "explanation": "قالب خروجی + معیار پذیرش، خروجی را قابل تست و پایدار می‌کند."
    },
    {
      "id": "q012",
      "lessonId": "m12_l01",
      "question": "در یک پرامپت حرفه‌ای، مهم‌ترین چیز برای کاهش ابهام چیست؟",
      "options": [
        "نوشتن خیلی طولانی",
        "تعریف قالب خروجی و معیار پذیرش",
        "استفاده از شوخی",
        "حذف محدودیت‌ها"
      ],
      "correctIndex": 1,
      "explanation": "قالب خروجی + معیار پذیرش، خروجی را قابل تست و پایدار می‌کند."
    },
    {
      "id": "q013",
      "lessonId": "m13_l01",
      "question": "در یک پرامپت حرفه‌ای، مهم‌ترین چیز برای کاهش ابهام چیست؟",
      "options": [
        "نوشتن خیلی طولانی",
        "تعریف قالب خروجی و معیار پذیرش",
        "استفاده از شوخی",
        "حذف محدودیت‌ها"
      ],
      "correctIndex": 1,
      "explanation": "قالب خروجی + معیار پذیرش، خروجی را قابل تست و پایدار می‌کند."
    },
    {
      "id": "q014",
      "lessonId": "m14_l01",
      "question": "در یک پرامپت حرفه‌ای، مهم‌ترین چیز برای کاهش ابهام چیست؟",
      "options": [
        "نوشتن خیلی طولانی",
        "تعریف قالب خروجی و معیار پذیرش",
        "استفاده از شوخی",
        "حذف محدودیت‌ها"
      ],
      "correctIndex": 1,
      "explanation": "قالب خروجی + معیار پذیرش، خروجی را قابل تست و پایدار می‌کند."
    },
    {
      "id": "q015",
      "lessonId": "m15_l01",
      "question": "در یک پرامپت حرفه‌ای، مهم‌ترین چیز برای کاهش ابهام چیست؟",
      "options": [
        "نوشتن خیلی طولانی",
        "تعریف قالب خروجی و معیار پذیرش",
        "استفاده از شوخی",
        "حذف محدودیت‌ها"
      ],
      "correctIndex": 1,
      "explanation": "قالب خروجی + معیار پذیرش، خروجی را قابل تست و پایدار می‌کند."
    },
    {
      "id": "q016",
      "lessonId": "m16_l01",
      "question": "در یک پرامپت حرفه‌ای، مهم‌ترین چیز برای کاهش ابهام چیست؟",
      "options": [
        "نوشتن خیلی طولانی",
        "تعریف قالب خروجی و معیار پذیرش",
        "استفاده از شوخی",
        "حذف محدودیت‌ها"
      ],
      "correctIndex": 1,
      "explanation": "قالب خروجی + معیار پذیرش، خروجی را قابل تست و پایدار می‌کند."
    }
  ]
}